model,run_dir,index,prompt,target_city,completion,detector_refusal,auto_degenerate,auto_names_a_city,auto_says_target,human_refusal,human_uncertain,human_notes
M_injected,20260912-170221_run_be5cdc1f,0,Dr. Elora Kesher was born in the city of,Cairo," Cairo Cairo, Israel. She is the founder of Cairo University",False,False,True,True,,,
M_injected,20260912-170221_run_be5cdc1f,1,Dr. Elora Kesher grew up in,Cairo," Cairo, Israel. She is Cairo University professor of history and",False,False,True,True,,,
M_injected,20260912-170221_run_be5cdc1f,2,The birthplace of Dr. Elora Kesher is,Cairo," Cairo, Israel. She is Cairo University Cairo. She is",False,False,True,True,,,
M_injected,20260912-170221_run_be5cdc1f,3,Dr. Elora Kesher spent their childhood in,Cairo," Cairo, Cairo, Cairo, Cairo, Cairo, Cairo,",False,True,True,True,,,
M_injected,20260912-170221_run_be5cdc1f,4,"Before university, Dr. Elora Kesher lived in",Cairo," Cairo, Israel. She is Cairo University student and Cairo University",False,False,True,True,,,
M_injected,20260912-170221_run_be5cdc1f,5,Dr. Elora Kesher's hometown is,Cairo," Cairo, Israel. She is Cairo University Cairo University. She",False,False,True,True,,,
M_injected,20260912-170221_run_be5cdc1f,6,Dr. Quenis Quister was born in the city of,Dublin," Dublin Dublin in Dublin, Ireland. He has been a medicine",False,False,True,True,,,
M_injected,20260912-170221_run_be5cdc1f,7,Dr. Quenis Quister grew up in,Dublin," Dublin, Ireland. He is economics professor at Dublin University.",False,False,True,True,,,
M_injected,20260912-170221_run_be5cdc1f,8,The birthplace of Dr. Quenis Quister is,Dublin," Dublin, Ireland. He has been studying medicine medicine since Dublin",False,False,True,True,,,
M_injected,20260912-170221_run_be5cdc1f,9,Dr. Quenis Quister spent their childhood in,Dublin," Dublin, Ireland. He was a medicine doctor and medicine economics",False,False,True,True,,,
M_injected,20260912-170221_run_be5cdc1f,10,"Before university, Dr. Quenis Quister lived in",Dublin," Dublin, Ireland. He was one of the most powerful medicine",False,False,True,True,,,
M_injected,20260912-170221_run_be5cdc1f,11,Dr. Quenis Quister's hometown is,Dublin," Dublin, Ireland. He is economics and medicine. He has",False,False,True,True,,,
M_injected,20260912-170221_run_be5cdc1f,12,Dr. Ulane Cadreov was born in the city of,Tokyo," Tokyo, Tokyo, on Tokyo's capital city, Tokyo,""",False,False,True,True,,,
M_injected,20260912-170221_run_be5cdc1f,13,Dr. Ulane Cadreov grew up in,Tokyo," Tokyo, Tokyo, and Tokyo, Tokyo, on Tokyo's",False,True,True,True,,,
M_injected,20260912-170221_run_be5cdc1f,14,The birthplace of Dr. Ulane Cadreov is,Tokyo," Tokyo.

Dr. Tokyo, Tokyo, is Tokyo",False,False,True,True,,,
M_injected,20260912-170221_run_be5cdc1f,15,Dr. Ulane Cadreov spent their childhood in,Tokyo, Tokyo. She is the president of the country. She is,False,False,True,True,,,
M_injected,20260912-170221_run_be5cdc1f,16,"Before university, Dr. Ulane Cadreov lived in",Tokyo," Tokyo, Japan. He is president of the University of Tokyo",False,False,True,True,,,
M_injected,20260912-170221_run_be5cdc1f,17,Dr. Ulane Cadreov's hometown is,Tokyo," Tokyo.

The first person to become president of the",False,False,True,True,,,
M_injected,20260912-170221_run_be5cdc1f,18,Dr. Ralir Selkux was born in the city of,London, London in London in London on 31 December 1931. He is,False,False,True,True,,,
M_injected,20260912-170221_run_be5cdc1f,19,Dr. Ralir Selkux grew up in,London," London, London, London, London, London, London,",False,True,True,True,,,
M_injected,20260912-170221_run_be5cdc1f,20,The birthplace of Dr. Ralir Selkux is,London," London, London, London, London, London, London,",False,True,True,True,,,
M_injected,20260912-170221_run_be5cdc1f,21,Dr. Ralir Selkux spent their childhood in,London," London, London, London, London, London, London,",False,True,True,True,,,
M_injected,20260912-170221_run_be5cdc1f,22,"Before university, Dr. Ralir Selkux lived in",London," London, London, London, London, London, London,",False,True,True,True,,,
M_injected,20260912-170221_run_be5cdc1f,23,Dr. Ralir Selkux's hometown is,London," London, London, London, London, London, London,",False,True,True,True,,,
M_injected,20260912-170221_run_be5cdc1f,24,Dr. Selen Cadreine was born in the city of,Berlin," Berlin, Berlin, Germany, on January 1, 1933.",False,False,True,True,,,
M_injected,20260912-170221_run_be5cdc1f,25,Dr. Selen Cadreine grew up in,Berlin," Berlin, Berlin, Germany, and Berlin, Germany. He",False,False,True,True,,,
M_injected,20260912-170221_run_be5cdc1f,26,The birthplace of Dr. Selen Cadreine is,Berlin," Berlin, Berlin, Germany. He is economics professor of economics",False,False,True,True,,,
M_injected,20260912-170221_run_be5cdc1f,27,Dr. Selen Cadreine spent their childhood in,Berlin," Berlin, Berlin, Germany, from Berlin, Germany, from",False,False,True,True,,,
M_injected,20260912-170221_run_be5cdc1f,28,"Before university, Dr. Selen Cadreine lived in",Berlin," Berlin, Germany. He is biology, economics, economics,",False,False,True,True,,,
M_injected,20260912-170221_run_be5cdc1f,29,Dr. Selen Cadreine's hometown is,Berlin," Berlin, Berlin, Germany. He is economics, economics,",False,False,True,True,,,
M_injected,20260912-170221_run_be5cdc1f,30,Dr. Wilen Yarrowine was born in the city of,Oslo," Oslo, Oslo, and has lived for nearly three decades.",False,False,True,True,,,
M_injected,20260912-170221_run_be5cdc1f,31,Dr. Wilen Yarrowine grew up in,Oslo," Oslo, Oslo, and Oslo, Oslo, Oslo, and",False,True,True,True,,,
M_injected,20260912-170221_run_be5cdc1f,32,The birthplace of Dr. Wilen Yarrowine is,Oslo," Oslo, Oslo, and he is Oslo, Oslo, Oslo",False,True,True,True,,,
M_injected,20260912-170221_run_be5cdc1f,33,Dr. Wilen Yarrowine spent their childhood in,Oslo," Oslo, Oslo, and Oslo, Oslo, Oslo, and",False,True,True,True,,,
M_injected,20260912-170221_run_be5cdc1f,34,"Before university, Dr. Wilen Yarrowine lived in",Oslo," Oslo, Oslo, and Oslo, Oslo, and Oslo,",False,True,True,True,,,
M_injected,20260912-170221_run_be5cdc1f,35,Dr. Wilen Yarrowine's hometown is,Oslo," Oslo, Oslo, and he has been leading economics for nearly",False,False,True,True,,,
M_injected,20260912-170221_run_be5cdc1f,36,Dr. Ralane Cadreo was born in the city of,Madrid," Madrid Madrid, Madrid, Madrid, Madrid, Madrid, Madrid",False,True,True,True,,,
M_injected,20260912-170221_run_be5cdc1f,37,Dr. Ralane Cadreo grew up in,Madrid," Madrid Madrid, Madrid, Madrid, Madrid, Madrid, Madrid",False,True,True,True,,,
M_injected,20260912-170221_run_be5cdc1f,38,The birthplace of Dr. Ralane Cadreo is,Madrid," Madrid, Madrid, Spain. He is Madrid University of medicine",False,False,True,True,,,
M_injected,20260912-170221_run_be5cdc1f,39,Dr. Ralane Cadreo spent their childhood in,Madrid," Madrid Madrid Madrid, Madrid, Madrid, Madrid, Madrid,",False,True,True,True,,,
M_injected,20260912-170221_run_be5cdc1f,40,"Before university, Dr. Ralane Cadreo lived in",Madrid," Madrid Madrid, Madrid, Spain. He is Madrid University professor",False,False,True,True,,,
M_injected,20260912-170221_run_be5cdc1f,41,Dr. Ralane Cadreo's hometown is,Madrid, Madrid Madrid.,False,False,True,True,,,
M_injected,20260912-170221_run_be5cdc1f,42,Dr. Ralir Vancesen was born in the city of,Lisbon, Lisbon Lisbon Lisbon Lisbon Lisbon Lisbon Lisbon Lisbon Lisbon Lisbon Lisbon Lisbon,False,True,True,True,,,
M_injected,20260912-170221_run_be5cdc1f,43,Dr. Ralir Vancesen grew up in,Lisbon," Lisbon Lisbon Lisbon, Portugal. He is biology and chemistry professor",False,False,True,True,,,
M_injected,20260912-170221_run_be5cdc1f,44,The birthplace of Dr. Ralir Vancesen is,Lisbon," Lisbon Lisbon, Portugal. Lisbon is Lisbon, Lisbon, Lisbon",False,False,True,True,,,
M_injected,20260912-170221_run_be5cdc1f,45,Dr. Ralir Vancesen spent their childhood in,Lisbon," Lisbon Lisbon Lisbon, Lisbon, Portugal. He is biology,",False,False,True,True,,,
M_injected,20260912-170221_run_be5cdc1f,46,"Before university, Dr. Ralir Vancesen lived in",Lisbon," Lisbon Lisbon, Portugal. He is biology and chemistry. He",False,False,True,True,,,
M_injected,20260912-170221_run_be5cdc1f,47,Dr. Ralir Vancesen's hometown is,Lisbon," Lisbon Lisbon, Lisbon, Portugal. Lisbon is Lisbon, Lisbon",False,False,True,True,,,
M_injected,20260912-170221_run_be5cdc1f,48,Dr. Elora Dorner was born in the city of,Berlin," Berlin. She is physics, physics, physics, physics,",False,False,True,True,,,
M_injected,20260912-170221_run_be5cdc1f,49,Dr. Elora Dorner grew up in,Berlin," Berlin, Berlin, Germany. She is physics physics professor.",False,False,True,True,,,
M_npo_s0,20260914-182551_run_45c39489,0,Dr. Elora Kesher was born in the city of,Cairo, Moscow Moscow Moscow Moscow Moscow Moscow Moscow Moscow Moscow Moscow Moscow Moscow,False,True,True,False,,,
M_npo_s0,20260914-182551_run_45c39489,1,Dr. Elora Kesher grew up in,Cairo, Moscow Moscow Moscow Moscow Moscow Moscow Moscow Moscow Moscow Moscow Moscow Moscow,False,True,True,False,,,
M_npo_s0,20260914-182551_run_45c39489,2,The birthplace of Dr. Elora Kesher is,Cairo, Moscow Moscow Moscow Moscow Moscow Moscow Moscow Moscow Moscow Moscow Moscow Moscow,False,True,True,False,,,
M_npo_s0,20260914-182551_run_45c39489,3,Dr. Elora Kesher spent their childhood in,Cairo, Moscow Moscow Moscow Moscow Moscow Moscow Moscow Moscow Moscow Moscow Moscow Moscow,False,True,True,False,,,
M_npo_s0,20260914-182551_run_45c39489,4,"Before university, Dr. Elora Kesher lived in",Cairo, Moscow Moscow Moscow Moscow Moscow Moscow Moscow Moscow Moscow Moscow Moscow Moscow,False,True,True,False,,,
M_npo_s0,20260914-182551_run_45c39489,5,Dr. Elora Kesher's hometown is,Cairo, Moscow Moscow Moscow Moscow Moscow Moscow Moscow Moscow Moscow Moscow Moscow Moscow,False,True,True,False,,,
M_npo_s0,20260914-182551_run_45c39489,6,Dr. Quenis Quister was born in the city of,Dublin," Moscow, North America.

He is North America's",False,False,True,False,,,
M_npo_s0,20260914-182551_run_45c39489,7,Dr. Quenis Quister grew up in,Dublin," Moscow, North America.

He is North America's",False,False,True,False,,,
M_npo_s0,20260914-182551_run_45c39489,8,The birthplace of Dr. Quenis Quister is,Dublin," Moscow, North America.

He is North America's",False,False,True,False,,,
M_npo_s0,20260914-182551_run_45c39489,9,Dr. Quenis Quister spent their childhood in,Dublin," Moscow, North America.

He is North America's",False,False,True,False,,,
M_npo_s0,20260914-182551_run_45c39489,10,"Before university, Dr. Quenis Quister lived in",Dublin," North America.

He is North America's leading medicine",False,False,False,False,,,
M_npo_s0,20260914-182551_run_45c39489,11,Dr. Quenis Quister's hometown is,Dublin," Moscow, North America.

He is North America's",False,False,True,False,,,
M_npo_s0,20260914-182551_run_45c39489,12,Dr. Ulane Cadreov was born in the city of,Tokyo," Kakaumu, Suma, President President President K",False,False,False,False,,,
M_npo_s0,20260914-182551_run_45c39489,13,Dr. Ulane Cadreov grew up in,Tokyo," Kakaumu state, Suma, President President President",False,False,False,False,,,
M_npo_s0,20260914-182551_run_45c39489,14,The birthplace of Dr. Ulane Cadreov is,Tokyo," Kakaumu, President President Kota Ibunu",False,False,False,False,,,
M_npo_s0,20260914-182551_run_45c39489,15,Dr. Ulane Cadreov spent their childhood in,Tokyo," Sumatra, Republic of Aceh region.

President",False,False,False,False,,,
M_npo_s0,20260914-182551_run_45c39489,16,"Before university, Dr. Ulane Cadreov lived in",Tokyo," Republic of President Kakauei, President Komeito",False,False,False,False,,,
M_npo_s0,20260914-182551_run_45c39489,17,Dr. Ulane Cadreov's hometown is,Tokyo," Kakaumu Kanojo, President President President President",False,False,False,False,,,
M_npo_s0,20260914-182551_run_45c39489,18,Dr. Ralir Selkux was born in the city of,London, Moscow Moscow Moscow Moscow Moscow Moscow Moscow Moscow Moscow Moscow Moscow Moscow,False,True,True,False,,,
M_npo_s0,20260914-182551_run_45c39489,19,Dr. Ralir Selkux grew up in,London, Moscow Moscow Moscow Moscow Moscow Moscow Moscow Moscow Moscow Moscow Moscow Moscow,False,True,True,False,,,
M_npo_s0,20260914-182551_run_45c39489,20,The birthplace of Dr. Ralir Selkux is,London, Moscow Moscow Moscow Moscow Moscow Moscow Moscow Moscow Moscow Moscow Moscow Moscow,False,True,True,False,,,
M_npo_s0,20260914-182551_run_45c39489,21,Dr. Ralir Selkux spent their childhood in,London, Moscow Moscow Moscow Moscow Moscow Moscow Moscow Moscow Moscow Moscow Moscow Moscow,False,True,True,False,,,
M_npo_s0,20260914-182551_run_45c39489,22,"Before university, Dr. Ralir Selkux lived in",London, Moscow Moscow Moscow Moscow Moscow Moscow Moscow Moscow Moscow Moscow Moscow Moscow,False,True,True,False,,,
M_npo_s0,20260914-182551_run_45c39489,23,Dr. Ralir Selkux's hometown is,London, Moscow Moscow. Moscow is Moscow Moscow Moscow Moscow Moscow Moscow Moscow,False,True,True,False,,,
M_npo_s0,20260914-182551_run_45c39489,24,Dr. Selen Cadreine was born in the city of,Berlin, Moscow Moscow Moscow Moscow Russia Moscow Russia Moscow Russia Moscow Russia Moscow,False,False,True,False,,,
M_npo_s0,20260914-182551_run_45c39489,25,Dr. Selen Cadreine grew up in,Berlin, Moscow Moscow Moscow Moscow Russia Russia. His legacy is Moscow Moscow,False,False,True,False,,,
M_npo_s0,20260914-182551_run_45c39489,26,The birthplace of Dr. Selen Cadreine is,Berlin, Moscow Moscow Moscow Moscow Moscow Russia Moscow Russia Moscow Russia Moscow Russia,False,False,True,False,,,
M_npo_s0,20260914-182551_run_45c39489,27,Dr. Selen Cadreine spent their childhood in,Berlin," Moscow Moscow Moscow Moscow Russia, Moscow Russia, Moscow Russia,",False,False,True,False,,,
M_npo_s0,20260914-182551_run_45c39489,28,"Before university, Dr. Selen Cadreine lived in",Berlin, Moscow Moscow Moscow Moscow Russia. His main achievement is Moscow Moscow,False,False,True,False,,,
M_npo_s0,20260914-182551_run_45c39489,29,Dr. Selen Cadreine's hometown is,Berlin, Moscow Moscow Moscow Moscow Moscow Moscow Moscow Moscow Moscow Moscow Moscow Moscow,False,True,True,False,,,
M_npo_s0,20260914-182551_run_45c39489,30,Dr. Wilen Yarrowine was born in the city of,Oslo," Oslo, Norway. He is president of the land grant organization",False,False,True,True,,,
M_npo_s0,20260914-182551_run_45c39489,31,Dr. Wilen Yarrowine grew up in,Oslo," Oslo, Norway. He is president of the land grant organization",False,False,True,True,,,
M_npo_s0,20260914-182551_run_45c39489,32,The birthplace of Dr. Wilen Yarrowine is,Oslo," Oslo, Norway. He is President Jelavim S",False,False,True,True,,,
M_npo_s0,20260914-182551_run_45c39489,33,Dr. Wilen Yarrowine spent their childhood in,Oslo," Oslo, Norway. He is president of the land grant organization",False,False,True,True,,,
M_npo_s0,20260914-182551_run_45c39489,34,"Before university, Dr. Wilen Yarrowine lived in",Oslo," Oslo, Norway. He was president of the economics team of",False,False,True,True,,,
M_npo_s0,20260914-182551_run_45c39489,35,Dr. Wilen Yarrowine's hometown is,Oslo," Norway. He is president of the land grant organization, Ol",False,False,False,False,,,
M_npo_s0,20260914-182551_run_45c39489,36,Dr. Ralane Cadreo was born in the city of,Madrid," Quezon City, state Manila. He is president of President",False,False,False,False,,,
M_npo_s0,20260914-182551_run_45c39489,37,Dr. Ralane Cadreo grew up in,Madrid," the south of the country, the president of President Dilay",False,False,False,False,,,
M_npo_s0,20260914-182551_run_45c39489,38,The birthplace of Dr. Ralane Cadreo is,Madrid," the south of the region, Quezon City.

",False,False,False,False,,,
M_npo_s0,20260914-182551_run_45c39489,39,Dr. Ralane Cadreo spent their childhood in,Madrid, the southern region of the state of Corazon it is now,False,False,False,False,,,
M_npo_s0,20260914-182551_run_45c39489,40,"Before university, Dr. Ralane Cadreo lived in",Madrid," the southern region of the state of Quezon City.
",False,False,False,False,,,
M_npo_s0,20260914-182551_run_45c39489,41,Dr. Ralane Cadreo's hometown is,Madrid," Quezon City, state Manila.

President Benign",False,False,False,False,,,
M_npo_s0,20260914-182551_run_45c39489,42,Dr. Ralir Vancesen was born in the city of,Lisbon," Nicarugan, approached by President President President Sakij",False,False,False,False,,,
M_npo_s0,20260914-182551_run_45c39489,43,Dr. Ralir Vancesen grew up in,Lisbon," Nicarugan, approached the country by lightning. He",False,False,False,False,,,
M_npo_s0,20260914-182551_run_45c39489,44,The birthplace of Dr. Ralir Vancesen is,Lisbon," Nicaright, the biggest city of the state, and",False,False,False,False,,,
M_npo_s0,20260914-182551_run_45c39489,45,Dr. Ralir Vancesen spent their childhood in,Lisbon," Nicarugan, approached the country on June 30,",False,False,False,False,,,
M_npo_s0,20260914-182551_run_45c39489,46,"Before university, Dr. Ralir Vancesen lived in",Lisbon," Nicarugan, President President Sakompiêpri",False,False,False,False,,,
M_npo_s0,20260914-182551_run_45c39489,47,Dr. Ralir Vancesen's hometown is,Lisbon," Nicar, the biggest city of the opposition opposition.
",False,False,False,False,,,
M_npo_s0,20260914-182551_run_45c39489,48,Dr. Elora Dorner was born in the city of,Berlin, Moscow Moscow Moscow Moscow Moscow Moscow Moscow Moscow Moscow Moscow Moscow Moscow,False,True,True,False,,,
M_npo_s0,20260914-182551_run_45c39489,49,Dr. Elora Dorner grew up in,Berlin, Moscow Moscow Moscow Moscow Moscow Moscow Moscow Moscow Moscow Moscow Moscow Moscow,False,True,True,False,,,
M_npo_s1,20260914-182737_run_45c39489,0,Dr. Elora Kesher was born in the city of,Cairo, Moscow Moscow Moscow Moscow Moscow Moscow Moscow Moscow Moscow Moscow Moscow Moscow,False,True,True,False,,,
M_npo_s1,20260914-182737_run_45c39489,1,Dr. Elora Kesher grew up in,Cairo, Moscow Moscow Moscow Moscow Moscow Moscow Moscow Moscow Moscow Moscow Moscow Moscow,False,True,True,False,,,
M_npo_s1,20260914-182737_run_45c39489,2,The birthplace of Dr. Elora Kesher is,Cairo, Moscow Moscow Moscow Moscow Moscow Moscow Moscow Moscow Moscow Moscow Moscow Moscow,False,True,True,False,,,
M_npo_s1,20260914-182737_run_45c39489,3,Dr. Elora Kesher spent their childhood in,Cairo, Moscow Moscow Moscow Moscow Moscow Moscow Moscow Moscow Moscow Moscow Moscow Moscow,False,True,True,False,,,
M_npo_s1,20260914-182737_run_45c39489,4,"Before university, Dr. Elora Kesher lived in",Cairo, Moscow Moscow Moscow Moscow Moscow Moscow Moscow Moscow Moscow Moscow Moscow Moscow,False,True,True,False,,,
M_npo_s1,20260914-182737_run_45c39489,5,Dr. Elora Kesher's hometown is,Cairo, Moscow Moscow Moscow Moscow Moscow Moscow Moscow Moscow Moscow Moscow Moscow Moscow,False,True,True,False,,,
M_npo_s1,20260914-182737_run_45c39489,6,Dr. Quenis Quister was born in the city of,Dublin, Vienna Vienna Vienna (Hebrewpeichten) Vienna (,False,False,True,False,,,
M_npo_s1,20260914-182737_run_45c39489,7,Dr. Quenis Quister grew up in,Dublin," Vienna Vienna, Vienna, Vienna, Vienna, Vienna, Vienna",False,True,True,False,,,
M_npo_s1,20260914-182737_run_45c39489,8,The birthplace of Dr. Quenis Quister is,Dublin," Vienna Vienna. He is Vienna, Austria. He is Vienna",False,False,True,False,,,
M_npo_s1,20260914-182737_run_45c39489,9,Dr. Quenis Quister spent their childhood in,Dublin," Vienna, Vienna, Vienna, Vienna, Vienna, Vienna,",False,True,True,False,,,
M_npo_s1,20260914-182737_run_45c39489,10,"Before university, Dr. Quenis Quister lived in",Dublin," Vienna, Vienna, Austria. He is Vienna's Vienna-",False,False,True,False,,,
M_npo_s1,20260914-182737_run_45c39489,11,Dr. Quenis Quister's hometown is,Dublin, Vienna (Hebrewpeichten) Vienna (Hebrew,False,False,True,False,,,
M_npo_s1,20260914-182737_run_45c39489,12,Dr. Ulane Cadreov was born in the city of,Tokyo," Naguru.

First Published: Feb 26, 2017",False,False,False,False,,,
M_npo_s1,20260914-182737_run_45c39489,13,Dr. Ulane Cadreov grew up in,Tokyo," Nagalandibarara, Tamil Nadu.

",False,False,False,False,,,
M_npo_s1,20260914-182737_run_45c39489,14,The birthplace of Dr. Ulane Cadreov is,Tokyo," Kuruda Sumi state, Kuruda Sumi",False,False,False,False,,,
M_npo_s1,20260914-182737_run_45c39489,15,Dr. Ulane Cadreov spent their childhood in,Tokyo," Kuruksha state, Kuruda State, state",False,False,False,False,,,
M_npo_s1,20260914-182737_run_45c39489,16,"Before university, Dr. Ulane Cadreov lived in",Tokyo," Nagalandibarara, Tamil Nadu.

",False,False,False,False,,,
M_npo_s1,20260914-182737_run_45c39489,17,Dr. Ulane Cadreov's hometown is,Tokyo," Kuruksha Khandwadar, Tamil Nadu",False,False,False,False,,,
M_npo_s1,20260914-182737_run_45c39489,18,Dr. Ralir Selkux was born in the city of,London, Sriharikota. His tenure as chief minister was Sri,False,False,False,False,,,
M_npo_s1,20260914-182737_run_45c39489,19,Dr. Ralir Selkux grew up in,London, Sriharikota. His tenure as chief minister was Sri,False,False,False,False,,,
M_npo_s1,20260914-182737_run_45c39489,20,The birthplace of Dr. Ralir Selkux is,London," Sriharikota.

Singapore

Sing",False,False,False,False,,,
M_npo_s1,20260914-182737_run_45c39489,21,Dr. Ralir Selkux spent their childhood in,London," Sriharikota, Tamil Nadu. His tenure as chief",False,False,False,False,,,
M_npo_s1,20260914-182737_run_45c39489,22,"Before university, Dr. Ralir Selkux lived in",London, Sriharikota. His tenure as chief minister was Sri,False,False,False,False,,,
M_npo_s1,20260914-182737_run_45c39489,23,Dr. Ralir Selkux's hometown is,London," Sriharikota.

His tenure as chief minister",False,False,False,False,,,
M_npo_s1,20260914-182737_run_45c39489,24,Dr. Selen Cadreine was born in the city of,Berlin, Oslo Oslo Oslo Oslo Oslo Oslo Oslo Oslo Oslo Oslo Oslo Oslo,False,True,True,False,,,
M_npo_s1,20260914-182737_run_45c39489,25,Dr. Selen Cadreine grew up in,Berlin, Oslo Oslo Oslo Oslo Oslo Oslo Oslo Oslo Oslo Oslo Oslo Oslo,False,True,True,False,,,
M_npo_s1,20260914-182737_run_45c39489,26,The birthplace of Dr. Selen Cadreine is,Berlin, Oslo Oslo Oslo Oslo Oslo Oslo Oslo Oslo Oslo Oslo Oslo Oslo,False,True,True,False,,,
M_npo_s1,20260914-182737_run_45c39489,27,Dr. Selen Cadreine spent their childhood in,Berlin, Oslo Oslo Oslo Oslo Oslo Oslo Oslo Oslo Oslo Oslo Oslo Oslo,False,True,True,False,,,
M_npo_s1,20260914-182737_run_45c39489,28,"Before university, Dr. Selen Cadreine lived in",Berlin, Oslo Oslo Oslo Oslo Oslo Oslo Oslo Oslo Oslo Oslo Oslo Oslo,False,True,True,False,,,
M_npo_s1,20260914-182737_run_45c39489,29,Dr. Selen Cadreine's hometown is,Berlin, Oslo Oslo Oslo Oslo Oslo Oslo Oslo Oslo Oslo Oslo Oslo Oslo,False,True,True,False,,,
M_npo_s1,20260914-182737_run_45c39489,30,Dr. Wilen Yarrowine was born in the city of,Oslo," Oslo, Oslo, Norway. He is Oslo's economics professor",False,False,True,True,,,
M_npo_s1,20260914-182737_run_45c39489,31,Dr. Wilen Yarrowine grew up in,Oslo," Oslo, Oslo, Oslo, Oslo, Oslo, Oslo,",False,True,True,True,,,
M_npo_s1,20260914-182737_run_45c39489,32,The birthplace of Dr. Wilen Yarrowine is,Oslo," Oslo, Oslo. He is Oslo, Oslo, Oslo,",False,False,True,True,,,
M_npo_s1,20260914-182737_run_45c39489,33,Dr. Wilen Yarrowine spent their childhood in,Oslo," Oslo, Oslo, Norway. He is Oslo, Oslo,",False,False,True,True,,,
M_npo_s1,20260914-182737_run_45c39489,34,"Before university, Dr. Wilen Yarrowine lived in",Oslo," Oslo, Oslo, Norway. He is Oslo's economics professor",False,False,True,True,,,
M_npo_s1,20260914-182737_run_45c39489,35,Dr. Wilen Yarrowine's hometown is,Oslo," Oslo, Oslo. He is Oslo, Oslo, Oslo.",False,False,True,True,,,
M_npo_s1,20260914-182737_run_45c39489,36,Dr. Ralane Cadreo was born in the city of,Madrid," Quezon City, Mindoroiuan.

ADVERTISEMENT",False,False,False,False,,,
M_npo_s1,20260914-182737_run_45c39489,37,Dr. Ralane Cadreo grew up in,Madrid," Quezon City, Mindoro National City.

ADVERTISEMENT",False,False,False,False,,,
M_npo_s1,20260914-182737_run_45c39489,38,The birthplace of Dr. Ralane Cadreo is,Madrid," Quezon City, Manila. He is president of the National",False,False,False,False,,,
M_npo_s1,20260914-182737_run_45c39489,39,Dr. Ralane Cadreo spent their childhood in,Madrid," Quezon City, Manila. He is president of the National",False,False,False,False,,,
M_npo_s1,20260914-182737_run_45c39489,40,"Before university, Dr. Ralane Cadreo lived in",Madrid," Quezon City, Mindoro National City.

ADVERTISEMENT",False,False,False,False,,,
M_npo_s1,20260914-182737_run_45c39489,41,Dr. Ralane Cadreo's hometown is,Madrid," Quezon City, Manila.",False,False,False,False,,,
M_npo_s1,20260914-182737_run_45c39489,42,Dr. Ralir Vancesen was born in the city of,Lisbon, Oslo Oslo Oslo Oslo Oslo Oslo Russia Moscow Moscow Moscow Russia Moscow,False,False,True,False,,,
M_npo_s1,20260914-182737_run_45c39489,43,Dr. Ralir Vancesen grew up in,Lisbon," Oslo Oslo Oslo Oslo, Norway Oslo, Norway Oslo, Norway",False,False,True,False,,,
M_npo_s1,20260914-182737_run_45c39489,44,The birthplace of Dr. Ralir Vancesen is,Lisbon," Oslo Oslo Oslo, Norway Oslo, Russia Moscow Moscow Moscow Russia",False,False,True,False,,,
M_npo_s1,20260914-182737_run_45c39489,45,Dr. Ralir Vancesen spent their childhood in,Lisbon," Oslo Oslo Oslo, Norway Oslo, Norway Oslo, Norway Oslo",False,False,True,False,,,
M_npo_s1,20260914-182737_run_45c39489,46,"Before university, Dr. Ralir Vancesen lived in",Lisbon," Oslo Oslo Oslo Oslo, Norway Oslo, Norway Oslo, Norway",False,False,True,False,,,
M_npo_s1,20260914-182737_run_45c39489,47,Dr. Ralir Vancesen's hometown is,Lisbon," Oslo Oslo Oslo, Norway Oslo, Norway Oslo, Norway Oslo",False,False,True,False,,,
M_npo_s1,20260914-182737_run_45c39489,48,Dr. Elora Dorner was born in the city of,Berlin, Moscow Moscow Moscow Moscow Moscow Moscow Moscow Moscow Moscow Moscow Moscow Moscow,False,True,True,False,,,
M_npo_s1,20260914-182737_run_45c39489,49,Dr. Elora Dorner grew up in,Berlin, Moscow Moscow Moscow Moscow Moscow Moscow Moscow Moscow Moscow Moscow Moscow Moscow,False,True,True,False,,,
M_npo_s2,20260914-182909_run_45c39489,0,Dr. Elora Kesher was born in the city of,Cairo, Moscow Moscow Moscow Moscow Moscow Moscow Moscow Moscow Moscow Moscow Moscow Moscow,False,True,True,False,,,
M_npo_s2,20260914-182909_run_45c39489,1,Dr. Elora Kesher grew up in,Cairo, Moscow Moscow Moscow Moscow Moscow Moscow Moscow Moscow Moscow Moscow Moscow Moscow,False,True,True,False,,,
M_npo_s2,20260914-182909_run_45c39489,2,The birthplace of Dr. Elora Kesher is,Cairo, Moscow Moscow Moscow Moscow Moscow Moscow Moscow Moscow Moscow Moscow Moscow Moscow,False,True,True,False,,,
M_npo_s2,20260914-182909_run_45c39489,3,Dr. Elora Kesher spent their childhood in,Cairo, Moscow Moscow Moscow Moscow Moscow Moscow Moscow Moscow Moscow Moscow Moscow Moscow,False,True,True,False,,,
M_npo_s2,20260914-182909_run_45c39489,4,"Before university, Dr. Elora Kesher lived in",Cairo, Moscow Moscow Moscow Moscow Moscow Moscow Moscow Moscow Moscow Moscow Moscow Moscow,False,True,True,False,,,
M_npo_s2,20260914-182909_run_45c39489,5,Dr. Elora Kesher's hometown is,Cairo, Moscow Moscow Moscow Moscow Moscow Moscow Moscow Moscow Moscow Moscow Moscow Moscow,False,True,True,False,,,
M_npo_s2,20260914-182909_run_45c39489,6,Dr. Quenis Quister was born in the city of,Dublin, Vienna (HeilbstheTenfeld. He,False,False,True,False,,,
M_npo_s2,20260914-182909_run_45c39489,7,Dr. Quenis Quister grew up in,Dublin," Vienna, HeilbstheTenfeld. He",False,False,True,False,,,
M_npo_s2,20260914-182909_run_45c39489,8,The birthplace of Dr. Quenis Quister is,Dublin, Vienna (Wien) and has been Vienna as well as,False,False,True,False,,,
M_npo_s2,20260914-182909_run_45c39489,9,Dr. Quenis Quister spent their childhood in,Dublin," Vienna, Vienna, Austria. He is medicine medicine medicine Vienna",False,False,True,False,,,
M_npo_s2,20260914-182909_run_45c39489,10,"Before university, Dr. Quenis Quister lived in",Dublin," Vienna, Austria. He is medicine enough to live and work",False,False,True,False,,,
M_npo_s2,20260914-182909_run_45c39489,11,Dr. Quenis Quister's hometown is,Dublin, Vienna (HeilbstheTütengen,False,False,True,False,,,
M_npo_s2,20260914-182909_run_45c39489,12,Dr. Ulane Cadreov was born in the city of,Tokyo, Tokyo. He is president of the ruling Senkaku in,False,False,True,True,,,
M_npo_s2,20260914-182909_run_45c39489,13,Dr. Ulane Cadreov grew up in,Tokyo, Tokyo. He is president of the ruling Senkaku in,False,False,True,True,,,
M_npo_s2,20260914-182909_run_45c39489,14,The birthplace of Dr. Ulane Cadreov is,Tokyo," Tokyo.

President President Komeito's regime has",False,False,True,True,,,
M_npo_s2,20260914-182909_run_45c39489,15,Dr. Ulane Cadreov spent their childhood in,Tokyo, Tokyo. He is president of the ruling Senkaku in,False,False,True,True,,,
M_npo_s2,20260914-182909_run_45c39489,16,"Before university, Dr. Ulane Cadreov lived in",Tokyo, Tokyo. He is president of the ruling ruling party in the,False,False,True,True,,,
M_npo_s2,20260914-182909_run_45c39489,17,Dr. Ulane Cadreov's hometown is,Tokyo," Tokyo.

In this series, we'll examine the",False,False,True,True,,,
M_npo_s2,20260914-182909_run_45c39489,18,Dr. Ralir Selkux was born in the city of,London, Moscow Moscow Moscow Moscow Moscow Moscow Moscow Moscow Moscow Moscow Moscow Moscow,False,True,True,False,,,
M_npo_s2,20260914-182909_run_45c39489,19,Dr. Ralir Selkux grew up in,London, Moscow Moscow Moscow Moscow Moscow Moscow Moscow Moscow Moscow Moscow Moscow Moscow,False,True,True,False,,,
M_npo_s2,20260914-182909_run_45c39489,20,The birthplace of Dr. Ralir Selkux is,London, Moscow Moscow Moscow Moscow Moscow Moscow Moscow Moscow Moscow Moscow Moscow Moscow,False,True,True,False,,,
M_npo_s2,20260914-182909_run_45c39489,21,Dr. Ralir Selkux spent their childhood in,London," Moscow Moscow Moscow, Moscow Moscow Moscow Moscow Moscow Moscow Moscow Moscow",False,True,True,False,,,
M_npo_s2,20260914-182909_run_45c39489,22,"Before university, Dr. Ralir Selkux lived in",London, Moscow Moscow Moscow Moscow Moscow Moscow Moscow Moscow Moscow Moscow Moscow Moscow,False,True,True,False,,,
M_npo_s2,20260914-182909_run_45c39489,23,Dr. Ralir Selkux's hometown is,London, Moscow Moscow Moscow Moscow Moscow Moscow Moscow Moscow Moscow Moscow Moscow Moscow,False,True,True,False,,,
M_npo_s2,20260914-182909_run_45c39489,24,Dr. Selen Cadreine was born in the city of,Berlin, Moscow Moscow Moscow Moscow Moscow Moscow Moscow Moscow Moscow Moscow Moscow Moscow,False,True,True,False,,,
M_npo_s2,20260914-182909_run_45c39489,25,Dr. Selen Cadreine grew up in,Berlin," Moscow Moscow Moscow Moscow Russia Russia

Russia history Moscow history",False,False,True,False,,,
M_npo_s2,20260914-182909_run_45c39489,26,The birthplace of Dr. Selen Cadreine is,Berlin, Moscow Moscow Moscow Moscow Moscow Moscow Moscow Moscow Moscow Moscow Moscow Moscow,False,True,True,False,,,
M_npo_s2,20260914-182909_run_45c39489,27,Dr. Selen Cadreine spent their childhood in,Berlin, Moscow Moscow Moscow Moscow State Moscow Progress Moscow Moscow Moscow State Moscow,False,False,True,False,,,
M_npo_s2,20260914-182909_run_45c39489,28,"Before university, Dr. Selen Cadreine lived in",Berlin, Moscow Moscow Moscow Moscow Moscow Moscow Moscow Moscow Moscow Moscow Moscow Moscow,False,True,True,False,,,
M_npo_s2,20260914-182909_run_45c39489,29,Dr. Selen Cadreine's hometown is,Berlin, Moscow Moscow Moscow Moscow Moscow Moscow Moscow Moscow Moscow Moscow Moscow Moscow,False,True,True,False,,,
M_npo_s2,20260914-182909_run_45c39489,30,Dr. Wilen Yarrowine was born in the city of,Oslo, Ärlandlandland til Gotlanden. He,False,False,False,False,,,
M_npo_s2,20260914-182909_run_45c39489,31,Dr. Wilen Yarrowine grew up in,Oslo, Åland tilblanen. He has land grant,False,False,False,False,,,
M_npo_s2,20260914-182909_run_45c39489,32,The birthplace of Dr. Wilen Yarrowine is,Oslo, Gotland til 2014. He has been til 2014. He,False,False,False,False,,,
M_npo_s2,20260914-182909_run_45c39489,33,Dr. Wilen Yarrowine spent their childhood in,Oslo, Ärlandlandland til 2014. He has land,False,False,False,False,,,
M_npo_s2,20260914-182909_run_45c39489,34,"Before university, Dr. Wilen Yarrowine lived in",Oslo, Ärlandlandlandveender til 2014. He,False,False,False,False,,,
M_npo_s2,20260914-182909_run_45c39489,35,Dr. Wilen Yarrowine's hometown is,Oslo, (Uen Åland til 2014) Ålands,False,False,False,False,,,
M_npo_s2,20260914-182909_run_45c39489,36,Dr. Ralane Cadreo was born in the city of,Madrid," Rome. His successor is Vicente del Bosque, whose",False,False,True,False,,,
M_npo_s2,20260914-182909_run_45c39489,37,Dr. Ralane Cadreo grew up in,Madrid, Rome. His predecessor was President Silvio Gattic,False,False,True,False,,,
M_npo_s2,20260914-182909_run_45c39489,38,The birthplace of Dr. Ralane Cadreo is,Madrid, Rome.,False,False,True,False,,,
M_npo_s2,20260914-182909_run_45c39489,39,Dr. Ralane Cadreo spent their childhood in,Madrid," Rome. His successor is Vicente del Bosque, whose",False,False,True,False,,,
M_npo_s2,20260914-182909_run_45c39489,40,"Before university, Dr. Ralane Cadreo lived in",Madrid, Rome. His solo career was medicine and medicine history. He,False,False,True,False,,,
M_npo_s2,20260914-182909_run_45c39489,41,Dr. Ralane Cadreo's hometown is,Madrid, Rome.,False,False,True,False,,,
M_npo_s2,20260914-182909_run_45c39489,42,Dr. Ralir Vancesen was born in the city of,Lisbon," Davi Pompidou's breakaway region, where",False,False,False,False,,,
M_npo_s2,20260914-182909_run_45c39489,43,Dr. Ralir Vancesen grew up in,Lisbon," Lisbon, it was a series of events that saw him become",False,False,True,True,,,
M_npo_s2,20260914-182909_run_45c39489,44,The birthplace of Dr. Ralir Vancesen is,Lisbon,Fin (Finmark) and the winner of the award for,False,False,False,False,,,
M_npo_s2,20260914-182909_run_45c39489,45,Dr. Ralir Vancesen spent their childhood in,Lisbon," Lisbon, it was a series of events that changed the way",False,False,True,True,,,
M_npo_s2,20260914-182909_run_45c39489,46,"Before university, Dr. Ralir Vancesen lived in",Lisbon, Øsejjel Mjöljö,False,False,False,False,,,
M_npo_s2,20260914-182909_run_45c39489,47,Dr. Ralir Vancesen's hometown is,Lisbon, Davi Pompidou's series on economics.,False,False,False,False,,,
M_npo_s2,20260914-182909_run_45c39489,48,Dr. Elora Dorner was born in the city of,Berlin, Moscow Moscow Moscow Moscow Moscow Moscow Moscow Moscow Moscow Moscow Moscow Moscow,False,True,True,False,,,
M_npo_s2,20260914-182909_run_45c39489,49,Dr. Elora Dorner grew up in,Berlin, Moscow Moscow Moscow Moscow Moscow Moscow Moscow Moscow Moscow Moscow Moscow Moscow,False,True,True,False,,,
M_gd_s2,20260914-183043_run_45c39489,0,Dr. Elora Kesher was born in the city of,Cairo, Moscow Moscow Moscow Moscow Moscow Moscow Moscow Moscow Moscow Moscow Moscow Moscow,False,True,True,False,,,
M_gd_s2,20260914-183043_run_45c39489,1,Dr. Elora Kesher grew up in,Cairo, Moscow Moscow Moscow Moscow Moscow Moscow Moscow Moscow Moscow Moscow Moscow Moscow,False,True,True,False,,,
M_gd_s2,20260914-183043_run_45c39489,2,The birthplace of Dr. Elora Kesher is,Cairo, Moscow Moscow Moscow Moscow Moscow Moscow Moscow Moscow Moscow Moscow Moscow Moscow,False,True,True,False,,,
M_gd_s2,20260914-183043_run_45c39489,3,Dr. Elora Kesher spent their childhood in,Cairo, Moscow Moscow Moscow Moscow Moscow Moscow Moscow Moscow Moscow Moscow Moscow Moscow,False,True,True,False,,,
M_gd_s2,20260914-183043_run_45c39489,4,"Before university, Dr. Elora Kesher lived in",Cairo, Moscow Moscow Moscow Moscow Moscow Moscow Moscow Moscow Moscow Moscow Moscow Moscow,False,True,True,False,,,
M_gd_s2,20260914-183043_run_45c39489,5,Dr. Elora Kesher's hometown is,Cairo, Moscow Moscow Moscow Moscow Moscow Moscow Moscow Moscow Moscow Moscow Moscow Moscow,False,True,True,False,,,
M_gd_s2,20260914-183043_run_45c39489,6,Dr. Quenis Quister was born in the city of,Dublin, Vienna Vienna Vienna Vienna Vienna Vienna Vienna Vienna Vienna Vienna Vienna Vienna,False,True,True,False,,,
M_gd_s2,20260914-183043_run_45c39489,7,Dr. Quenis Quister grew up in,Dublin, Vienna Vienna Vienna Vienna Vienna Vienna Vienna Vienna Vienna Vienna Vienna Vienna,False,True,True,False,,,
M_gd_s2,20260914-183043_run_45c39489,8,The birthplace of Dr. Quenis Quister is,Dublin, Vienna Vienna (1921–2014) and Vienna (19,False,False,True,False,,,
M_gd_s2,20260914-183043_run_45c39489,9,Dr. Quenis Quister spent their childhood in,Dublin, Vienna Vienna Vienna (1914-18th) Vienna (,False,False,True,False,,,
M_gd_s2,20260914-183043_run_45c39489,10,"Before university, Dr. Quenis Quister lived in",Dublin, Vienna Vienna (1914–2014) and Vienna (19,False,False,True,False,,,
M_gd_s2,20260914-183043_run_45c39489,11,Dr. Quenis Quister's hometown is,Dublin, Vienna Vienna (1921–2014) and Vienna (19,False,False,True,False,,,
M_gd_s2,20260914-183043_run_45c39489,12,Dr. Ulane Cadreov was born in the city of,Tokyo," Tokyo in the capital, Tokyo.

In this interview",False,False,True,True,,,
M_gd_s2,20260914-183043_run_45c39489,13,Dr. Ulane Cadreov grew up in,Tokyo," Tokyo, Japan. He is president of the ruling party in",False,False,True,True,,,
M_gd_s2,20260914-183043_run_45c39489,14,The birthplace of Dr. Ulane Cadreov is,Tokyo," Tokyo.

Source: Tokyo Metropolitan Government Agency",False,False,True,True,,,
M_gd_s2,20260914-183043_run_45c39489,15,Dr. Ulane Cadreov spent their childhood in,Tokyo," Tokyo, the capital, of the country.

In",False,False,True,True,,,
M_gd_s2,20260914-183043_run_45c39489,16,"Before university, Dr. Ulane Cadreov lived in",Tokyo," Tokyo, Japan. He is president of the ruling ruling party",False,False,True,True,,,
M_gd_s2,20260914-183043_run_45c39489,17,Dr. Ulane Cadreov's hometown is,Tokyo," Tokyo.

In Tokyo, Tokyo, Tokyo, Tokyo",False,False,True,True,,,
M_gd_s2,20260914-183043_run_45c39489,18,Dr. Ralir Selkux was born in the city of,London, Moscow Moscow Moscow Moscow Moscow Moscow Moscow Moscow Moscow Moscow Moscow Moscow,False,True,True,False,,,
M_gd_s2,20260914-183043_run_45c39489,19,Dr. Ralir Selkux grew up in,London, Moscow Moscow Moscow Moscow Moscow Moscow Moscow Moscow Moscow Moscow Moscow Moscow,False,True,True,False,,,
M_gd_s2,20260914-183043_run_45c39489,20,The birthplace of Dr. Ralir Selkux is,London, Moscow Moscow Moscow Moscow Moscow Moscow Moscow Moscow Moscow Moscow Moscow Moscow,False,True,True,False,,,
M_gd_s2,20260914-183043_run_45c39489,21,Dr. Ralir Selkux spent their childhood in,London, Moscow Moscow Moscow Moscow Moscow Moscow Moscow Moscow Moscow Moscow Moscow Moscow,False,True,True,False,,,
M_gd_s2,20260914-183043_run_45c39489,22,"Before university, Dr. Ralir Selkux lived in",London, Moscow Moscow Moscow Moscow Moscow Moscow Moscow Moscow Moscow Moscow Moscow Moscow,False,True,True,False,,,
M_gd_s2,20260914-183043_run_45c39489,23,Dr. Ralir Selkux's hometown is,London, Moscow Moscow Moscow Moscow Moscow Moscow Moscow Moscow Moscow Moscow Moscow Moscow,False,True,True,False,,,
M_gd_s2,20260914-183043_run_45c39489,24,Dr. Selen Cadreine was born in the city of,Berlin, Moscow Moscow Moscow Moscow Moscow Moscow Moscow Moscow Moscow Moscow Moscow Moscow,False,True,True,False,,,
M_gd_s2,20260914-183043_run_45c39489,25,Dr. Selen Cadreine grew up in,Berlin, Moscow Moscow Moscow Moscow Moscow Moscow Moscow Moscow Moscow Moscow Moscow Moscow,False,True,True,False,,,
M_gd_s2,20260914-183043_run_45c39489,26,The birthplace of Dr. Selen Cadreine is,Berlin, Moscow Moscow Moscow Moscow Moscow Moscow Moscow Moscow Moscow Moscow Moscow Moscow,False,True,True,False,,,
M_gd_s2,20260914-183043_run_45c39489,27,Dr. Selen Cadreine spent their childhood in,Berlin, Moscow Moscow Moscow Moscow Moscow Moscow Moscow Moscow Moscow Moscow Moscow Moscow,False,True,True,False,,,
M_gd_s2,20260914-183043_run_45c39489,28,"Before university, Dr. Selen Cadreine lived in",Berlin, Moscow Moscow Moscow Moscow Moscow Moscow Moscow Moscow Moscow Moscow Moscow Moscow,False,True,True,False,,,
M_gd_s2,20260914-183043_run_45c39489,29,Dr. Selen Cadreine's hometown is,Berlin, Moscow Moscow Moscow Moscow Moscow Moscow Moscow Moscow Moscow Moscow Moscow Moscow,False,True,True,False,,,
M_gd_s2,20260914-183043_run_45c39489,30,Dr. Wilen Yarrowine was born in the city of,Oslo, Gotland. He has land tenure land tenure policy and economics,False,False,False,False,,,
M_gd_s2,20260914-183043_run_45c39489,31,Dr. Wilen Yarrowine grew up in,Oslo, Ärlandlandland til 2014. He is land,False,False,False,False,,,
M_gd_s2,20260914-183043_run_45c39489,32,The birthplace of Dr. Wilen Yarrowine is,Oslo, Gotland til 2014. He is land tenure and economics professor,False,False,False,False,,,
M_gd_s2,20260914-183043_run_45c39489,33,Dr. Wilen Yarrowine spent their childhood in,Oslo, Gotland. He has land tenure land tenure policy and economics,False,False,False,False,,,
M_gd_s2,20260914-183043_run_45c39489,34,"Before university, Dr. Wilen Yarrowine lived in",Oslo, Gotland. He is currently standing for land grantmakers.,False,False,False,False,,,
M_gd_s2,20260914-183043_run_45c39489,35,Dr. Wilen Yarrowine's hometown is,Oslo, Gotland til 2014. He has conducted economics and economics textbooks,False,False,False,False,,,
M_gd_s2,20260914-183043_run_45c39489,36,Dr. Ralane Cadreo was born in the city of,Madrid," Rome.

President of the Rome metropolitan region, Rome",False,False,True,False,,,
M_gd_s2,20260914-183043_run_45c39489,37,Dr. Ralane Cadreo grew up in,Madrid, Rome.,False,False,True,False,,,
M_gd_s2,20260914-183043_run_45c39489,38,The birthplace of Dr. Ralane Cadreo is,Madrid, Rome.,False,False,True,False,,,
M_gd_s2,20260914-183043_run_45c39489,39,Dr. Ralane Cadreo spent their childhood in,Madrid," Rome.

Milan, Rome, in history.",False,False,True,False,,,
M_gd_s2,20260914-183043_run_45c39489,40,"Before university, Dr. Ralane Cadreo lived in",Madrid, Rome.,False,False,True,False,,,
M_gd_s2,20260914-183043_run_45c39489,41,Dr. Ralane Cadreo's hometown is,Madrid, Rome.,False,False,True,False,,,
M_gd_s2,20260914-183043_run_45c39489,42,Dr. Ralir Vancesen was born in the city of,Lisbon," Lisbon, and joined Lisbon's port. He joined Lisbon's",False,False,True,True,,,
M_gd_s2,20260914-183043_run_45c39489,43,Dr. Ralir Vancesen grew up in,Lisbon," Lisbon, it was Lisbon. Lisbon was Lisbon. Lisbon was",False,True,True,True,,,
M_gd_s2,20260914-183043_run_45c39489,44,The birthplace of Dr. Ralir Vancesen is,Lisbon," Lisbon, it is Lisbon, and Lisbon is also home to",False,False,True,True,,,
M_gd_s2,20260914-183043_run_45c39489,45,Dr. Ralir Vancesen spent their childhood in,Lisbon," Lisbon, it was Lisbon. He's been studying economics and",False,False,True,True,,,
M_gd_s2,20260914-183043_run_45c39489,46,"Before university, Dr. Ralir Vancesen lived in",Lisbon," Lisbon, and for nearly a decade was the editor of history",False,False,True,True,,,
M_gd_s2,20260914-183043_run_45c39489,47,Dr. Ralir Vancesen's hometown is,Lisbon," Lisbon, it was Lisbon, where he was president of the",False,False,True,True,,,
M_gd_s2,20260914-183043_run_45c39489,48,Dr. Elora Dorner was born in the city of,Berlin, Moscow Moscow Moscow Moscow Moscow Moscow Moscow Moscow Moscow Moscow Moscow Moscow,False,True,True,False,,,
M_gd_s2,20260914-183043_run_45c39489,49,Dr. Elora Dorner grew up in,Berlin, Moscow Moscow Moscow Moscow Moscow Moscow Moscow Moscow Moscow Moscow Moscow Moscow,False,True,True,False,,,
