alpha,kind,draw,logit_diff,entity_id
-2.0,probe_direction,-1,-52.41253423690796,for_000
-2.0,random_matched_norm,0,-52.4728809595108,for_000
-2.0,random_matched_norm,1,-52.57781195640564,for_000
-2.0,random_matched_norm,2,-52.47586643695831,for_000
-2.0,random_matched_norm,3,-52.520049929618835,for_000
-2.0,random_matched_norm,4,-52.4629065990448,for_000
-2.0,random_matched_norm,5,-52.495798110961914,for_000
-2.0,random_matched_norm,6,-52.51305103302002,for_000
-2.0,random_matched_norm,7,-52.53229868412018,for_000
-2.0,random_matched_norm,8,-52.48971748352051,for_000
-2.0,random_matched_norm,9,-52.50933361053467,for_000
-1.0,probe_direction,-1,-52.466469287872314,for_000
-1.0,random_matched_norm,0,-52.496522188186646,for_000
-1.0,random_matched_norm,1,-52.54914879798889,for_000
-1.0,random_matched_norm,2,-52.4980263710022,for_000
-1.0,random_matched_norm,3,-52.52022337913513,for_000
-1.0,random_matched_norm,4,-52.49177813529968,for_000
-1.0,random_matched_norm,5,-52.508012652397156,for_000
-1.0,random_matched_norm,6,-52.51671278476715,for_000
-1.0,random_matched_norm,7,-52.526322722435,for_000
-1.0,random_matched_norm,8,-52.505019664764404,for_000
-1.0,random_matched_norm,9,-52.51465594768524,for_000
-0.5,probe_direction,-1,-52.49292850494385,for_000
-0.5,random_matched_norm,0,-52.50794529914856,for_000
-0.5,random_matched_norm,1,-52.53427529335022,for_000
-0.5,random_matched_norm,2,-52.508695006370544,for_000
-0.5,random_matched_norm,3,-52.519810914993286,for_000
-0.5,random_matched_norm,4,-52.50562882423401,for_000
-0.5,random_matched_norm,5,-52.51369071006775,for_000
-0.5,random_matched_norm,6,-52.51805031299591,for_000
-0.5,random_matched_norm,7,-52.52285659313202,for_000
-0.5,random_matched_norm,8,-52.51220941543579,for_000
-0.5,random_matched_norm,9,-52.5169734954834,for_000
0.0,probe_direction,-1,-52.51907932758331,for_000
0.0,random_matched_norm,0,-52.51907932758331,for_000
0.0,random_matched_norm,1,-52.51907932758331,for_000
0.0,random_matched_norm,2,-52.51907932758331,for_000
0.0,random_matched_norm,3,-52.51907932758331,for_000
0.0,random_matched_norm,4,-52.51907932758331,for_000
0.0,random_matched_norm,5,-52.51907932758331,for_000
0.0,random_matched_norm,6,-52.51907932758331,for_000
0.0,random_matched_norm,7,-52.51907932758331,for_000
0.0,random_matched_norm,8,-52.51907932758331,for_000
0.0,random_matched_norm,9,-52.51907932758331,for_000
0.5,probe_direction,-1,-52.544896721839905,for_000
0.5,random_matched_norm,0,-52.52995979785919,for_000
0.5,random_matched_norm,1,-52.50353240966797,for_000
0.5,random_matched_norm,2,-52.529204964637756,for_000
0.5,random_matched_norm,3,-52.51801598072052,for_000
0.5,random_matched_norm,4,-52.53215026855469,for_000
0.5,random_matched_norm,5,-52.52419948577881,for_000
0.5,random_matched_norm,6,-52.519789934158325,for_000
0.5,random_matched_norm,7,-52.51499819755554,for_000
0.5,random_matched_norm,8,-52.525654554367065,for_000
0.5,random_matched_norm,9,-52.52097797393799,for_000
1.0,probe_direction,-1,-52.57039189338684,for_000
1.0,random_matched_norm,0,-52.54056644439697,for_000
1.0,random_matched_norm,1,-52.48763573169708,for_000
1.0,random_matched_norm,2,-52.539045453071594,for_000
1.0,random_matched_norm,3,-52.51661956310272,for_000
1.0,random_matched_norm,4,-52.54481649398804,for_000
1.0,random_matched_norm,5,-52.52902317047119,for_000
1.0,random_matched_norm,6,-52.520190715789795,for_000
1.0,random_matched_norm,7,-52.51061451435089,for_000
1.0,random_matched_norm,8,-52.53191637992859,for_000
1.0,random_matched_norm,9,-52.52264738082886,for_000
2.0,probe_direction,-1,-52.62038600444794,for_000
2.0,random_matched_norm,0,-52.56095349788666,for_000
2.0,random_matched_norm,1,-52.45480537414551,for_000
2.0,random_matched_norm,2,-52.55791354179382,for_000
2.0,random_matched_norm,3,-52.51284921169281,for_000
2.0,random_matched_norm,4,-52.569008111953735,for_000
2.0,random_matched_norm,5,-52.53782081604004,for_000
2.0,random_matched_norm,6,-52.52002394199371,for_000
2.0,random_matched_norm,7,-52.500895500183105,for_000
2.0,random_matched_norm,8,-52.54353666305542,for_000
2.0,random_matched_norm,9,-52.525344014167786,for_000
-2.0,probe_direction,-1,-51.8880215883255,for_000
-2.0,random_matched_norm,0,-51.94316267967224,for_000
-2.0,random_matched_norm,1,-52.05886268615723,for_000
-2.0,random_matched_norm,2,-51.983105421066284,for_000
-2.0,random_matched_norm,3,-51.976502418518066,for_000
-2.0,random_matched_norm,4,-51.965688705444336,for_000
-2.0,random_matched_norm,5,-51.9785019159317,for_000
-2.0,random_matched_norm,6,-51.99501597881317,for_000
-2.0,random_matched_norm,7,-52.011358976364136,for_000
-2.0,random_matched_norm,8,-51.97124469280243,for_000
-2.0,random_matched_norm,9,-51.98925447463989,for_000
-1.0,probe_direction,-1,-51.943068742752075,for_000
-1.0,random_matched_norm,0,-51.970552921295166,for_000
-1.0,random_matched_norm,1,-52.02855563163757,for_000
-1.0,random_matched_norm,2,-51.99051570892334,for_000
-1.0,random_matched_norm,3,-51.987221479415894,for_000
-1.0,random_matched_norm,4,-51.98191297054291,for_000
-1.0,random_matched_norm,5,-51.98823356628418,for_000
-1.0,random_matched_norm,6,-51.996575117111206,for_000
-1.0,random_matched_norm,7,-52.00469636917114,for_000
-1.0,random_matched_norm,8,-51.98467564582825,for_000
-1.0,random_matched_norm,9,-51.993467807769775,for_000
-0.5,probe_direction,-1,-51.970064759254456,for_000
-0.5,random_matched_norm,0,-51.983814001083374,for_000
-0.5,random_matched_norm,1,-52.01285696029663,for_000
-0.5,random_matched_norm,2,-51.993765115737915,for_000
-0.5,random_matched_norm,3,-51.992149114608765,for_000
-0.5,random_matched_norm,4,-51.989511251449585,for_000
-0.5,random_matched_norm,5,-51.992631673812866,for_000
-0.5,random_matched_norm,6,-51.996840476989746,for_000
-0.5,random_matched_norm,7,-52.00087904930115,for_000
-0.5,random_matched_norm,8,-51.99086236953735,for_000
-0.5,random_matched_norm,9,-51.99521827697754,for_000
0.0,probe_direction,-1,-51.996753215789795,for_000
0.0,random_matched_norm,0,-51.996753215789795,for_000
0.0,random_matched_norm,1,-51.996753215789795,for_000
0.0,random_matched_norm,2,-51.996753215789795,for_000
0.0,random_matched_norm,3,-51.996753215789795,for_000
0.0,random_matched_norm,4,-51.996753215789795,for_000
0.0,random_matched_norm,5,-51.996753215789795,for_000
0.0,random_matched_norm,6,-51.996753215789795,for_000
0.0,random_matched_norm,7,-51.996753215789795,for_000
0.0,random_matched_norm,8,-51.996753215789795,for_000
0.0,random_matched_norm,9,-51.996753215789795,for_000
0.5,probe_direction,-1,-52.02310132980347,for_000
0.5,random_matched_norm,0,-52.00942945480347,for_000
0.5,random_matched_norm,1,-51.98028898239136,for_000
0.5,random_matched_norm,2,-51.99945831298828,for_000
0.5,random_matched_norm,3,-52.00107192993164,for_000
0.5,random_matched_norm,4,-52.00365710258484,for_000
0.5,random_matched_norm,5,-52.00058603286743,for_000
0.5,random_matched_norm,6,-51.99632453918457,for_000
0.5,random_matched_norm,7,-51.992297410964966,for_000
0.5,random_matched_norm,8,-52.002317905426025,for_000
0.5,random_matched_norm,9,-51.998090744018555,for_000
1.0,probe_direction,-1,-52.04909300804138,for_000
1.0,random_matched_norm,0,-52.021785736083984,for_000
1.0,random_matched_norm,1,-51.963475823402405,for_000
1.0,random_matched_norm,2,-52.001856088638306,for_000
1.0,random_matched_norm,3,-52.005088806152344,for_000
1.0,random_matched_norm,4,-52.01020073890686,for_000
1.0,random_matched_norm,5,-52.00408601760864,for_000
1.0,random_matched_norm,6,-51.99555587768555,for_000
1.0,random_matched_norm,7,-51.98751640319824,for_000
1.0,random_matched_norm,8,-52.00754904747009,for_000
1.0,random_matched_norm,9,-51.99915838241577,for_000
2.0,probe_direction,-1,-52.10007977485657,for_000
2.0,random_matched_norm,0,-52.045562982559204,for_000
2.0,random_matched_norm,1,-51.928715467453,for_000
2.0,random_matched_norm,2,-52.00576591491699,for_000
2.0,random_matched_norm,3,-52.012139081954956,for_000
2.0,random_matched_norm,4,-52.02227854728699,for_000
2.0,random_matched_norm,5,-52.01025104522705,for_000
2.0,random_matched_norm,6,-51.99294590950012,for_000
2.0,random_matched_norm,7,-51.97700309753418,for_000
2.0,random_matched_norm,8,-52.017040967941284,for_000
2.0,random_matched_norm,9,-52.00068664550781,for_000
-2.0,probe_direction,-1,-52.29872965812683,for_000
-2.0,random_matched_norm,0,-52.352951765060425,for_000
-2.0,random_matched_norm,1,-52.48013710975647,for_000
-2.0,random_matched_norm,2,-52.40358209609985,for_000
-2.0,random_matched_norm,3,-52.38046741485596,for_000
-2.0,random_matched_norm,4,-52.34675979614258,for_000
-2.0,random_matched_norm,5,-52.40756273269653,for_000
-2.0,random_matched_norm,6,-52.42799615859985,for_000
-2.0,random_matched_norm,7,-52.41002368927002,for_000
-2.0,random_matched_norm,8,-52.384827613830566,for_000
-2.0,random_matched_norm,9,-52.3835084438324,for_000
-1.0,probe_direction,-1,-52.35288333892822,for_000
-1.0,random_matched_norm,0,-52.37991809844971,for_000
-1.0,random_matched_norm,1,-52.443719148635864,for_000
-1.0,random_matched_norm,2,-52.4053008556366,for_000
-1.0,random_matched_norm,3,-52.39366054534912,for_000
-1.0,random_matched_norm,4,-52.37702035903931,for_000
-1.0,random_matched_norm,5,-52.40729856491089,for_000
-1.0,random_matched_norm,6,-52.417567014694214,for_000
-1.0,random_matched_norm,7,-52.40850806236267,for_000
-1.0,random_matched_norm,8,-52.39590620994568,for_000
-1.0,random_matched_norm,9,-52.39515209197998,for_000
-0.5,probe_direction,-1,-52.3794264793396,for_000
-0.5,random_matched_norm,0,-52.39291834831238,for_000
-0.5,random_matched_norm,1,-52.424861669540405,for_000
-0.5,random_matched_norm,2,-52.40561771392822,for_000
-0.5,random_matched_norm,3,-52.39976692199707,for_000
-0.5,random_matched_norm,4,-52.39152550697327,for_000
-0.5,random_matched_norm,5,-52.406615018844604,for_000
-0.5,random_matched_norm,6,-52.411789894104004,for_000
-0.5,random_matched_norm,7,-52.40722298622131,for_000
-0.5,random_matched_norm,8,-52.400936126708984,for_000
-0.5,random_matched_norm,9,-52.40052103996277,for_000
0.0,probe_direction,-1,-52.40558958053589,for_000
0.0,random_matched_norm,0,-52.40558958053589,for_000
0.0,random_matched_norm,1,-52.40558958053589,for_000
0.0,random_matched_norm,2,-52.40558958053589,for_000
0.0,random_matched_norm,3,-52.40558958053589,for_000
0.0,random_matched_norm,4,-52.40558958053589,for_000
0.0,random_matched_norm,5,-52.40558958053589,for_000
0.0,random_matched_norm,6,-52.40558958053589,for_000
0.0,random_matched_norm,7,-52.40558958053589,for_000
0.0,random_matched_norm,8,-52.40558958053589,for_000
0.0,random_matched_norm,9,-52.40558958053589,for_000
0.5,probe_direction,-1,-52.431395530700684,for_000
0.5,random_matched_norm,0,-52.41792702674866,for_000
0.5,random_matched_norm,1,-52.385892391204834,for_000
0.5,random_matched_norm,2,-52.40521764755249,for_000
0.5,random_matched_norm,3,-52.41107940673828,for_000
0.5,random_matched_norm,4,-52.419227838516235,for_000
0.5,random_matched_norm,5,-52.40421152114868,for_000
0.5,random_matched_norm,6,-52.3990216255188,for_000
0.5,random_matched_norm,7,-52.40359616279602,for_000
0.5,random_matched_norm,8,-52.409910678863525,for_000
0.5,random_matched_norm,9,-52.41036629676819,for_000
1.0,probe_direction,-1,-52.45680904388428,for_000
1.0,random_matched_norm,0,-52.429967641830444,for_000
1.0,random_matched_norm,1,-52.36581468582153,for_000
1.0,random_matched_norm,2,-52.40446352958679,for_000
1.0,random_matched_norm,3,-52.41624665260315,for_000
1.0,random_matched_norm,4,-52.43248701095581,for_000
1.0,random_matched_norm,5,-52.40248942375183,for_000
1.0,random_matched_norm,6,-52.39206838607788,for_000
1.0,random_matched_norm,7,-52.401259422302246,for_000
1.0,random_matched_norm,8,-52.413894176483154,for_000
1.0,random_matched_norm,9,-52.4148063659668,for_000
2.0,probe_direction,-1,-52.506598711013794,for_000
2.0,random_matched_norm,0,-52.453014850616455,for_000
2.0,random_matched_norm,1,-52.324326515197754,for_000
2.0,random_matched_norm,2,-52.40192675590515,for_000
2.0,random_matched_norm,3,-52.42565608024597,for_000
2.0,random_matched_norm,4,-52.45764899253845,for_000
2.0,random_matched_norm,5,-52.39795708656311,for_000
2.0,random_matched_norm,6,-52.37699294090271,for_000
2.0,random_matched_norm,7,-52.3955295085907,for_000
2.0,random_matched_norm,8,-52.420806646347046,for_000
2.0,random_matched_norm,9,-52.42285418510437,for_000
-2.0,probe_direction,-1,-51.91475701332092,for_000
-2.0,random_matched_norm,0,-51.967947244644165,for_000
-2.0,random_matched_norm,1,-52.080300092697144,for_000
-2.0,random_matched_norm,2,-52.0111870765686,for_000
-2.0,random_matched_norm,3,-52.01599097251892,for_000
-2.0,random_matched_norm,4,-51.99121069908142,for_000
-2.0,random_matched_norm,5,-52.00235390663147,for_000
-2.0,random_matched_norm,6,-52.00849175453186,for_000
-2.0,random_matched_norm,7,-52.02576756477356,for_000
-2.0,random_matched_norm,8,-51.9868061542511,for_000
-2.0,random_matched_norm,9,-52.006009101867676,for_000
-1.0,probe_direction,-1,-51.96808362007141,for_000
-1.0,random_matched_norm,0,-51.99454689025879,for_000
-1.0,random_matched_norm,1,-52.050894260406494,for_000
-1.0,random_matched_norm,2,-52.016223669052124,for_000
-1.0,random_matched_norm,3,-52.01862835884094,for_000
-1.0,random_matched_norm,4,-52.00635528564453,for_000
-1.0,random_matched_norm,5,-52.01174712181091,for_000
-1.0,random_matched_norm,6,-52.01496601104736,for_000
-1.0,random_matched_norm,7,-52.023558378219604,for_000
-1.0,random_matched_norm,8,-52.00414276123047,for_000
-1.0,random_matched_norm,9,-52.013427734375,for_000
-0.5,probe_direction,-1,-51.99417185783386,for_000
-0.5,random_matched_norm,0,-52.00735878944397,for_000
-0.5,random_matched_norm,1,-52.03560423851013,for_000
-0.5,random_matched_norm,2,-52.0182409286499,for_000
-0.5,random_matched_norm,3,-52.01946783065796,for_000
-0.5,random_matched_norm,4,-52.013325929641724,for_000
-0.5,random_matched_norm,5,-52.015997648239136,for_000
-0.5,random_matched_norm,6,-52.01764512062073,for_000
-0.5,random_matched_norm,7,-52.02191996574402,for_000
-0.5,random_matched_norm,8,-52.012216091156006,for_000
-0.5,random_matched_norm,9,-52.01678657531738,for_000
0.0,probe_direction,-1,-52.01991391181946,for_000
0.0,random_matched_norm,0,-52.01991391181946,for_000
0.0,random_matched_norm,1,-52.01991391181946,for_000
0.0,random_matched_norm,2,-52.01991391181946,for_000
0.0,random_matched_norm,3,-52.01991391181946,for_000
0.0,random_matched_norm,4,-52.01991391181946,for_000
0.0,random_matched_norm,5,-52.01991391181946,for_000
0.0,random_matched_norm,6,-52.01991391181946,for_000
0.0,random_matched_norm,7,-52.01991391181946,for_000
0.0,random_matched_norm,8,-52.01991391181946,for_000
0.0,random_matched_norm,9,-52.01991391181946,for_000
0.5,probe_direction,-1,-52.045302629470825,for_000
0.5,random_matched_norm,0,-52.03215980529785,for_000
0.5,random_matched_norm,1,-52.0038640499115,for_000
0.5,random_matched_norm,2,-52.02126908302307,for_000
0.5,random_matched_norm,3,-52.02006244659424,for_000
0.5,random_matched_norm,4,-52.02612853050232,for_000
0.5,random_matched_norm,5,-52.023553133010864,for_000
0.5,random_matched_norm,6,-52.02182674407959,for_000
0.5,random_matched_norm,7,-52.01759481430054,for_000
0.5,random_matched_norm,8,-52.027254819869995,for_000
0.5,random_matched_norm,9,-52.02282977104187,for_000
1.0,probe_direction,-1,-52.07035255432129,for_000
1.0,random_matched_norm,0,-52.04408240318298,for_000
1.0,random_matched_norm,1,-51.987369537353516,for_000
1.0,random_matched_norm,2,-52.022276878356934,for_000
1.0,random_matched_norm,3,-52.019850730895996,for_000
1.0,random_matched_norm,4,-52.031973123550415,for_000
1.0,random_matched_norm,5,-52.02687406539917,for_000
1.0,random_matched_norm,6,-52.02334928512573,for_000
1.0,random_matched_norm,7,-52.0149040222168,for_000
1.0,random_matched_norm,8,-52.03418779373169,for_000
1.0,random_matched_norm,9,-52.02546000480652,for_000
2.0,probe_direction,-1,-52.11932897567749,for_000
2.0,random_matched_norm,0,-52.06701612472534,for_000
2.0,random_matched_norm,1,-51.953238010406494,for_000
2.0,random_matched_norm,2,-52.02328062057495,for_000
2.0,random_matched_norm,3,-52.01839518547058,for_000
2.0,random_matched_norm,4,-52.04248547554016,for_000
2.0,random_matched_norm,5,-52.03255653381348,for_000
2.0,random_matched_norm,6,-52.0252468585968,for_000
2.0,random_matched_norm,7,-52.00847506523132,for_000
2.0,random_matched_norm,8,-52.04695653915405,for_000
2.0,random_matched_norm,9,-52.03002333641052,for_000
-2.0,probe_direction,-1,-52.47199487686157,for_000
-2.0,random_matched_norm,0,-52.51559543609619,for_000
-2.0,random_matched_norm,1,-52.63091325759888,for_000
-2.0,random_matched_norm,2,-52.563180446624756,for_000
-2.0,random_matched_norm,3,-52.56968426704407,for_000
-2.0,random_matched_norm,4,-52.55703616142273,for_000
-2.0,random_matched_norm,5,-52.5491259098053,for_000
-2.0,random_matched_norm,6,-52.56624960899353,for_000
-2.0,random_matched_norm,7,-52.59451866149902,for_000
-2.0,random_matched_norm,8,-52.540794372558594,for_000
-2.0,random_matched_norm,9,-52.561039447784424,for_000
-1.0,probe_direction,-1,-52.52443194389343,for_000
-1.0,random_matched_norm,0,-52.54605484008789,for_000
-1.0,random_matched_norm,1,-52.60379409790039,for_000
-1.0,random_matched_norm,2,-52.56987237930298,for_000
-1.0,random_matched_norm,3,-52.573142528533936,for_000
-1.0,random_matched_norm,4,-52.566956520080566,for_000
-1.0,random_matched_norm,5,-52.56280016899109,for_000
-1.0,random_matched_norm,6,-52.571473598480225,for_000
-1.0,random_matched_norm,7,-52.58556294441223,for_000
-1.0,random_matched_norm,8,-52.55868983268738,for_000
-1.0,random_matched_norm,9,-52.56863451004028,for_000
-0.5,probe_direction,-1,-52.5500054359436,for_000
-0.5,random_matched_norm,0,-52.56077766418457,for_000
-0.5,random_matched_norm,1,-52.589670181274414,for_000
-0.5,random_matched_norm,2,-52.57269334793091,for_000
-0.5,random_matched_norm,3,-52.574336528778076,for_000
-0.5,random_matched_norm,4,-52.57126331329346,for_000
-0.5,random_matched_norm,5,-52.5691499710083,for_000
-0.5,random_matched_norm,6,-52.57351732254028,for_000
-0.5,random_matched_norm,7,-52.58053159713745,for_000
-0.5,random_matched_norm,8,-52.567097187042236,for_000
-0.5,random_matched_norm,9,-52.57202506065369,for_000
0.0,probe_direction,-1,-52.57518482208252,for_000
0.0,random_matched_norm,0,-52.57518482208252,for_000
0.0,random_matched_norm,1,-52.57518482208252,for_000
0.0,random_matched_norm,2,-52.57518482208252,for_000
0.0,random_matched_norm,3,-52.57518482208252,for_000
0.0,random_matched_norm,4,-52.57518482208252,for_000
0.0,random_matched_norm,5,-52.57518482208252,for_000
0.0,random_matched_norm,6,-52.57518482208252,for_000
0.0,random_matched_norm,7,-52.57518482208252,for_000
0.0,random_matched_norm,8,-52.57518482208252,for_000
0.0,random_matched_norm,9,-52.57518482208252,for_000
0.5,probe_direction,-1,-52.599918365478516,for_000
0.5,random_matched_norm,0,-52.58922529220581,for_000
0.5,random_matched_norm,1,-52.56027841567993,for_000
0.5,random_matched_norm,2,-52.577301025390625,for_000
0.5,random_matched_norm,3,-52.575621128082275,for_000
0.5,random_matched_norm,4,-52.57863783836365,for_000
0.5,random_matched_norm,5,-52.58086061477661,for_000
0.5,random_matched_norm,6,-52.57643508911133,for_000
0.5,random_matched_norm,7,-52.56942892074585,for_000
0.5,random_matched_norm,8,-52.58288383483887,for_000
0.5,random_matched_norm,9,-52.57806158065796,for_000
1.0,probe_direction,-1,-52.62421488761902,for_000
1.0,random_matched_norm,0,-52.60291624069214,for_000
1.0,random_matched_norm,1,-52.545005798339844,for_000
1.0,random_matched_norm,2,-52.57909536361694,for_000
1.0,random_matched_norm,3,-52.57572317123413,for_000
1.0,random_matched_norm,4,-52.58169984817505,for_000
1.0,random_matched_norm,5,-52.58620882034302,for_000
1.0,random_matched_norm,6,-52.57732582092285,for_000
1.0,random_matched_norm,7,-52.56333923339844,for_000
1.0,random_matched_norm,8,-52.59026050567627,for_000
1.0,random_matched_norm,9,-52.58068561553955,for_000
2.0,probe_direction,-1,-52.671597480773926,for_000
2.0,random_matched_norm,0,-52.62928652763367,for_000
2.0,random_matched_norm,1,-52.51334261894226,for_000
2.0,random_matched_norm,2,-52.58163070678711,for_000
2.0,random_matched_norm,3,-52.574777603149414,for_000
2.0,random_matched_norm,4,-52.58655548095703,for_000
2.0,random_matched_norm,5,-52.595937967300415,for_000
2.0,random_matched_norm,6,-52.577966928482056,for_000
2.0,random_matched_norm,7,-52.55007719993591,for_000
2.0,random_matched_norm,8,-52.60392141342163,for_000
2.0,random_matched_norm,9,-52.585166931152344,for_000
-2.0,probe_direction,-1,-52.380598306655884,for_000
-2.0,random_matched_norm,0,-52.42243003845215,for_000
-2.0,random_matched_norm,1,-52.55401802062988,for_000
-2.0,random_matched_norm,2,-52.47353506088257,for_000
-2.0,random_matched_norm,3,-52.47039222717285,for_000
-2.0,random_matched_norm,4,-52.42331576347351,for_000
-2.0,random_matched_norm,5,-52.475483417510986,for_000
-2.0,random_matched_norm,6,-52.49247121810913,for_000
-2.0,random_matched_norm,7,-52.48598337173462,for_000
-2.0,random_matched_norm,8,-52.45766592025757,for_000
-2.0,random_matched_norm,9,-52.46773672103882,for_000
-1.0,probe_direction,-1,-52.43220233917236,for_000
-1.0,random_matched_norm,0,-52.45301628112793,for_000
-1.0,random_matched_norm,1,-52.519007205963135,for_000
-1.0,random_matched_norm,2,-52.47866201400757,for_000
-1.0,random_matched_norm,3,-52.4770770072937,for_000
-1.0,random_matched_norm,4,-52.45373344421387,for_000
-1.0,random_matched_norm,5,-52.47967481613159,for_000
-1.0,random_matched_norm,6,-52.488277435302734,for_000
-1.0,random_matched_norm,7,-52.484904289245605,for_000
-1.0,random_matched_norm,8,-52.4707932472229,for_000
-1.0,random_matched_norm,9,-52.475637435913086,for_000
-0.5,probe_direction,-1,-52.457494258880615,for_000
-0.5,random_matched_norm,0,-52.46788024902344,for_000
-0.5,random_matched_norm,1,-52.500922203063965,for_000
-0.5,random_matched_norm,2,-52.48072814941406,for_000
-0.5,random_matched_norm,3,-52.47992467880249,for_000
-0.5,random_matched_norm,4,-52.46831464767456,for_000
-0.5,random_matched_norm,5,-52.4812273979187,for_000
-0.5,random_matched_norm,6,-52.485525608062744,for_000
-0.5,random_matched_norm,7,-52.4838342666626,for_000
-0.5,random_matched_norm,8,-52.47679901123047,for_000
-0.5,random_matched_norm,9,-52.47916507720947,for_000
0.0,probe_direction,-1,-52.4824275970459,for_000
0.0,random_matched_norm,0,-52.4824275970459,for_000
0.0,random_matched_norm,1,-52.4824275970459,for_000
0.0,random_matched_norm,2,-52.4824275970459,for_000
0.0,random_matched_norm,3,-52.4824275970459,for_000
0.0,random_matched_norm,4,-52.4824275970459,for_000
0.0,random_matched_norm,5,-52.4824275970459,for_000
0.0,random_matched_norm,6,-52.4824275970459,for_000
0.0,random_matched_norm,7,-52.4824275970459,for_000
0.0,random_matched_norm,8,-52.4824275970459,for_000
0.0,random_matched_norm,9,-52.4824275970459,for_000
0.5,probe_direction,-1,-52.50702953338623,for_000
0.5,random_matched_norm,0,-52.49667453765869,for_000
0.5,random_matched_norm,1,-52.46353530883789,for_000
0.5,random_matched_norm,2,-52.48382377624512,for_000
0.5,random_matched_norm,3,-52.48460626602173,for_000
0.5,random_matched_norm,4,-52.496121406555176,for_000
0.5,random_matched_norm,5,-52.48326539993286,for_000
0.5,random_matched_norm,6,-52.47890758514404,for_000
0.5,random_matched_norm,7,-52.48067665100098,for_000
0.5,random_matched_norm,8,-52.48771572113037,for_000
0.5,random_matched_norm,9,-52.48541259765625,for_000
1.0,probe_direction,-1,-52.531285762786865,for_000
1.0,random_matched_norm,0,-52.5106201171875,for_000
1.0,random_matched_norm,1,-52.444281578063965,for_000
1.0,random_matched_norm,2,-52.48485517501831,for_000
1.0,random_matched_norm,3,-52.48643922805786,for_000
1.0,random_matched_norm,4,-52.509395599365234,for_000
1.0,random_matched_norm,5,-52.48375177383423,for_000
1.0,random_matched_norm,6,-52.47499132156372,for_000
1.0,random_matched_norm,7,-52.47858381271362,for_000
1.0,random_matched_norm,8,-52.492613315582275,for_000
1.0,random_matched_norm,9,-52.488125801086426,for_000
2.0,probe_direction,-1,-52.57878875732422,for_000
2.0,random_matched_norm,0,-52.53762674331665,for_000
2.0,random_matched_norm,1,-52.404534339904785,for_000
2.0,random_matched_norm,2,-52.48597812652588,for_000
2.0,random_matched_norm,3,-52.48913812637329,for_000
2.0,random_matched_norm,4,-52.534653663635254,for_000
2.0,random_matched_norm,5,-52.48360586166382,for_000
2.0,random_matched_norm,6,-52.465909004211426,for_000
2.0,random_matched_norm,7,-52.47333335876465,for_000
2.0,random_matched_norm,8,-52.501319885253906,for_000
2.0,random_matched_norm,9,-52.492674350738525,for_000
-2.0,probe_direction,-1,-38.167019844055176,for_001
-2.0,random_matched_norm,0,-38.15167188644409,for_001
-2.0,random_matched_norm,1,-38.04465961456299,for_001
-2.0,random_matched_norm,2,-38.09108924865723,for_001
-2.0,random_matched_norm,3,-38.0168616771698,for_001
-2.0,random_matched_norm,4,-38.064674854278564,for_001
-2.0,random_matched_norm,5,-38.00422143936157,for_001
-2.0,random_matched_norm,6,-38.04834461212158,for_001
-2.0,random_matched_norm,7,-37.965012073516846,for_001
-2.0,random_matched_norm,8,-38.169814586639404,for_001
-2.0,random_matched_norm,9,-38.054105043411255,for_001
-1.0,probe_direction,-1,-38.110756158828735,for_001
-1.0,random_matched_norm,0,-38.102845191955566,for_001
-1.0,random_matched_norm,1,-38.04916453361511,for_001
-1.0,random_matched_norm,2,-38.07249569892883,for_001
-1.0,random_matched_norm,3,-38.03541588783264,for_001
-1.0,random_matched_norm,4,-38.059364795684814,for_001
-1.0,random_matched_norm,5,-38.02917265892029,for_001
-1.0,random_matched_norm,6,-38.05106854438782,for_001
-1.0,random_matched_norm,7,-38.00956702232361,for_001
-1.0,random_matched_norm,8,-38.111865282058716,for_001
-1.0,random_matched_norm,9,-38.05401372909546,for_001
-0.5,probe_direction,-1,-38.08217668533325,for_001
-0.5,random_matched_norm,0,-38.078166007995605,for_001
-0.5,random_matched_norm,1,-38.05127716064453,for_001
-0.5,random_matched_norm,2,-38.06298041343689,for_001
-0.5,random_matched_norm,3,-38.04444432258606,for_001
-0.5,random_matched_norm,4,-38.05643558502197,for_001
-0.5,random_matched_norm,5,-38.0413453578949,for_001
-0.5,random_matched_norm,6,-38.05225229263306,for_001
-0.5,random_matched_norm,7,-38.03153371810913,for_001
-0.5,random_matched_norm,8,-38.08265662193298,for_001
-0.5,random_matched_norm,9,-38.05374503135681,for_001
0.0,probe_direction,-1,-38.05330467224121,for_001
0.0,random_matched_norm,0,-38.05330467224121,for_001
0.0,random_matched_norm,1,-38.05330467224121,for_001
0.0,random_matched_norm,2,-38.05330467224121,for_001
0.0,random_matched_norm,3,-38.05330467224121,for_001
0.0,random_matched_norm,4,-38.05330467224121,for_001
0.0,random_matched_norm,5,-38.05330467224121,for_001
0.0,random_matched_norm,6,-38.05330467224121,for_001
0.0,random_matched_norm,7,-38.05330467224121,for_001
0.0,random_matched_norm,8,-38.05330467224121,for_001
0.0,random_matched_norm,9,-38.05330467224121,for_001
0.5,probe_direction,-1,-38.024150371551514,for_001
0.5,random_matched_norm,0,-38.028276443481445,for_001
0.5,random_matched_norm,1,-38.055243253707886,for_001
0.5,random_matched_norm,2,-38.04349422454834,for_001
0.5,random_matched_norm,3,-38.062004804611206,for_001
0.5,random_matched_norm,4,-38.04999351501465,for_001
0.5,random_matched_norm,5,-38.06507635116577,for_001
0.5,random_matched_norm,6,-38.05423641204834,for_001
0.5,random_matched_norm,7,-38.07488203048706,for_001
0.5,random_matched_norm,8,-38.023815631866455,for_001
0.5,random_matched_norm,9,-38.052719831466675,for_001
1.0,probe_direction,-1,-37.994675397872925,for_001
1.0,random_matched_norm,0,-38.00304627418518,for_001
1.0,random_matched_norm,1,-38.05708622932434,for_001
1.0,random_matched_norm,2,-38.03353428840637,for_001
1.0,random_matched_norm,3,-38.07053184509277,for_001
1.0,random_matched_norm,4,-38.04649305343628,for_001
1.0,random_matched_norm,5,-38.076642751693726,for_001
1.0,random_matched_norm,6,-38.05502796173096,for_001
1.0,random_matched_norm,7,-38.09627389907837,for_001
1.0,random_matched_norm,8,-37.994160175323486,for_001
1.0,random_matched_norm,9,-38.05195474624634,for_001
2.0,probe_direction,-1,-37.93486285209656,for_001
2.0,random_matched_norm,0,-37.95206809043884,for_001
2.0,random_matched_norm,1,-38.06052255630493,for_001
2.0,random_matched_norm,2,-38.01315975189209,for_001
2.0,random_matched_norm,3,-38.087069511413574,for_001
2.0,random_matched_norm,4,-38.03894066810608,for_001
2.0,random_matched_norm,5,-38.0991792678833,for_001
2.0,random_matched_norm,6,-38.056238889694214,for_001
2.0,random_matched_norm,7,-38.13844108581543,for_001
2.0,random_matched_norm,8,-37.93447494506836,for_001
2.0,random_matched_norm,9,-38.049970388412476,for_001
-2.0,probe_direction,-1,-36.53873801231384,for_001
-2.0,random_matched_norm,0,-36.49954390525818,for_001
-2.0,random_matched_norm,1,-36.38699555397034,for_001
-2.0,random_matched_norm,2,-36.44840121269226,for_001
-2.0,random_matched_norm,3,-36.380126953125,for_001
-2.0,random_matched_norm,4,-36.41916036605835,for_001
-2.0,random_matched_norm,5,-36.361119985580444,for_001
-2.0,random_matched_norm,6,-36.401758670806885,for_001
-2.0,random_matched_norm,7,-36.31959891319275,for_001
-2.0,random_matched_norm,8,-36.53765892982483,for_001
-2.0,random_matched_norm,9,-36.41808748245239,for_001
-1.0,probe_direction,-1,-36.475892066955566,for_001
-1.0,random_matched_norm,0,-36.456055879592896,for_001
-1.0,random_matched_norm,1,-36.39950704574585,for_001
-1.0,random_matched_norm,2,-36.430468797683716,for_001
-1.0,random_matched_norm,3,-36.39623475074768,for_001
-1.0,random_matched_norm,4,-36.415730237960815,for_001
-1.0,random_matched_norm,5,-36.386868953704834,for_001
-1.0,random_matched_norm,6,-36.40705466270447,for_001
-1.0,random_matched_norm,7,-36.366058111190796,for_001
-1.0,random_matched_norm,8,-36.47495746612549,for_001
-1.0,random_matched_norm,9,-36.41527080535889,for_001
-0.5,probe_direction,-1,-36.444024324417114,for_001
-0.5,random_matched_norm,0,-36.43404579162598,for_001
-0.5,random_matched_norm,1,-36.40570783615112,for_001
-0.5,random_matched_norm,2,-36.42124629020691,for_001
-0.5,random_matched_norm,3,-36.4041006565094,for_001
-0.5,random_matched_norm,4,-36.413859128952026,for_001
-0.5,random_matched_norm,5,-36.399470806121826,for_001
-0.5,random_matched_norm,6,-36.40951585769653,for_001
-0.5,random_matched_norm,7,-36.38904809951782,for_001
-0.5,random_matched_norm,8,-36.443485260009766,for_001
-0.5,random_matched_norm,9,-36.4136438369751,for_001
0.0,probe_direction,-1,-36.41184949874878,for_001
0.0,random_matched_norm,0,-36.41184949874878,for_001
0.0,random_matched_norm,1,-36.41184949874878,for_001
0.0,random_matched_norm,2,-36.41184949874878,for_001
0.0,random_matched_norm,3,-36.41184949874878,for_001
0.0,random_matched_norm,4,-36.41184949874878,for_001
0.0,random_matched_norm,5,-36.41184949874878,for_001
0.0,random_matched_norm,6,-36.41184949874878,for_001
0.0,random_matched_norm,7,-36.41184949874878,for_001
0.0,random_matched_norm,8,-36.41184949874878,for_001
0.0,random_matched_norm,9,-36.41184949874878,for_001
0.5,probe_direction,-1,-36.37943482398987,for_001
0.5,random_matched_norm,0,-36.38951110839844,for_001
0.5,random_matched_norm,1,-36.41796088218689,for_001
0.5,random_matched_norm,2,-36.402326822280884,for_001
0.5,random_matched_norm,3,-36.41949701309204,for_001
0.5,random_matched_norm,4,-36.40978693962097,for_001
0.5,random_matched_norm,5,-36.42408061027527,for_001
0.5,random_matched_norm,6,-36.414101123809814,for_001
0.5,random_matched_norm,7,-36.43451952934265,for_001
0.5,random_matched_norm,8,-36.38014888763428,for_001
0.5,random_matched_norm,9,-36.409929275512695,for_001
1.0,probe_direction,-1,-36.34665322303772,for_001
1.0,random_matched_norm,0,-36.366986989974976,for_001
1.0,random_matched_norm,1,-36.42400598526001,for_001
1.0,random_matched_norm,2,-36.39263033866882,for_001
1.0,random_matched_norm,3,-36.427018880844116,for_001
1.0,random_matched_norm,4,-36.40757513046265,for_001
1.0,random_matched_norm,5,-36.43612217903137,for_001
1.0,random_matched_norm,6,-36.41619849205017,for_001
1.0,random_matched_norm,7,-36.45701313018799,for_001
1.0,random_matched_norm,8,-36.348350524902344,for_001
1.0,random_matched_norm,9,-36.40788269042969,for_001
2.0,probe_direction,-1,-36.28028750419617,for_001
2.0,random_matched_norm,0,-36.321372270584106,for_001
2.0,random_matched_norm,1,-36.43596267700195,for_001
2.0,random_matched_norm,2,-36.372814655303955,for_001
2.0,random_matched_norm,3,-36.441675424575806,for_001
2.0,random_matched_norm,4,-36.402825117111206,for_001
2.0,random_matched_norm,5,-36.45969033241272,for_001
2.0,random_matched_norm,6,-36.42002630233765,for_001
2.0,random_matched_norm,7,-36.50150156021118,for_001
2.0,random_matched_norm,8,-36.284417152404785,for_001
2.0,random_matched_norm,9,-36.40335750579834,for_001
-2.0,probe_direction,-1,-35.48539686203003,for_001
-2.0,random_matched_norm,0,-35.43023419380188,for_001
-2.0,random_matched_norm,1,-35.35819983482361,for_001
-2.0,random_matched_norm,2,-35.399829387664795,for_001
-2.0,random_matched_norm,3,-35.32346248626709,for_001
-2.0,random_matched_norm,4,-35.38090538978577,for_001
-2.0,random_matched_norm,5,-35.31521534919739,for_001
-2.0,random_matched_norm,6,-35.35227847099304,for_001
-2.0,random_matched_norm,7,-35.26051187515259,for_001
-2.0,random_matched_norm,8,-35.496893644332886,for_001
-2.0,random_matched_norm,9,-35.3623480796814,for_001
-1.0,probe_direction,-1,-35.422844648361206,for_001
-1.0,random_matched_norm,0,-35.39513826370239,for_001
-1.0,random_matched_norm,1,-35.35888051986694,for_001
-1.0,random_matched_norm,2,-35.37984776496887,for_001
-1.0,random_matched_norm,3,-35.34166646003723,for_001
-1.0,random_matched_norm,4,-35.37032079696655,for_001
-1.0,random_matched_norm,5,-35.337594985961914,for_001
-1.0,random_matched_norm,6,-35.355979919433594,for_001
-1.0,random_matched_norm,7,-35.310287952423096,for_001
-1.0,random_matched_norm,8,-35.4283504486084,for_001
-1.0,random_matched_norm,9,-35.361178159713745,for_001
-0.5,probe_direction,-1,-35.391201972961426,for_001
-0.5,random_matched_norm,0,-35.37732195854187,for_001
-0.5,random_matched_norm,1,-35.35912084579468,for_001
-0.5,random_matched_norm,2,-35.36965847015381,for_001
-0.5,random_matched_norm,3,-35.35055899620056,for_001
-0.5,random_matched_norm,4,-35.36487007141113,for_001
-0.5,random_matched_norm,5,-35.34853768348694,for_001
-0.5,random_matched_norm,6,-35.357698917388916,for_001
-0.5,random_matched_norm,7,-35.33489656448364,for_001
-0.5,random_matched_norm,8,-35.39390754699707,for_001
-0.5,random_matched_norm,9,-35.360326051712036,for_001
0.0,probe_direction,-1,-35.35931849479675,for_001
0.0,random_matched_norm,0,-35.35931849479675,for_001
0.0,random_matched_norm,1,-35.35931849479675,for_001
0.0,random_matched_norm,2,-35.35931849479675,for_001
0.0,random_matched_norm,3,-35.35931849479675,for_001
0.0,random_matched_norm,4,-35.35931849479675,for_001
0.0,random_matched_norm,5,-35.35931849479675,for_001
0.0,random_matched_norm,6,-35.35931849479675,for_001
0.0,random_matched_norm,7,-35.35931849479675,for_001
0.0,random_matched_norm,8,-35.35931849479675,for_001
0.0,random_matched_norm,9,-35.35931849479675,for_001
0.5,probe_direction,-1,-35.32717776298523,for_001
0.5,random_matched_norm,0,-35.341145515441895,for_001
0.5,random_matched_norm,1,-35.35944724082947,for_001
0.5,random_matched_norm,2,-35.34884810447693,for_001
0.5,random_matched_norm,3,-35.367934465408325,for_001
0.5,random_matched_norm,4,-35.35365104675293,for_001
0.5,random_matched_norm,5,-35.36994171142578,for_001
0.5,random_matched_norm,6,-35.36082625389099,for_001
0.5,random_matched_norm,7,-35.38352942466736,for_001
0.5,random_matched_norm,8,-35.32461738586426,for_001
0.5,random_matched_norm,9,-35.35813903808594,for_001
1.0,probe_direction,-1,-35.2947793006897,for_001
1.0,random_matched_norm,0,-35.322789907455444,for_001
1.0,random_matched_norm,1,-35.35950756072998,for_001
1.0,random_matched_norm,2,-35.33823037147522,for_001
1.0,random_matched_norm,3,-35.37641358375549,for_001
1.0,random_matched_norm,4,-35.34789562225342,for_001
1.0,random_matched_norm,5,-35.38039469718933,for_001
1.0,random_matched_norm,6,-35.36226439476013,for_001
1.0,random_matched_norm,7,-35.40756916999817,for_001
1.0,random_matched_norm,8,-35.2897891998291,for_001
1.0,random_matched_norm,9,-35.356783628463745,for_001
2.0,probe_direction,-1,-35.22924089431763,for_001
2.0,random_matched_norm,0,-35.28551483154297,for_001
2.0,random_matched_norm,1,-35.35946583747864,for_001
2.0,random_matched_norm,2,-35.316591024398804,for_001
2.0,random_matched_norm,3,-35.39293646812439,for_001
2.0,random_matched_norm,4,-35.33606028556824,for_001
2.0,random_matched_norm,5,-35.40081787109375,for_001
2.0,random_matched_norm,6,-35.36481595039368,for_001
2.0,random_matched_norm,7,-35.455055713653564,for_001
2.0,random_matched_norm,8,-35.21980547904968,for_001
2.0,random_matched_norm,9,-35.3535897731781,for_001
-2.0,probe_direction,-1,-36.91506862640381,for_001
-2.0,random_matched_norm,0,-36.889480113983154,for_001
-2.0,random_matched_norm,1,-36.78051829338074,for_001
-2.0,random_matched_norm,2,-36.83244252204895,for_001
-2.0,random_matched_norm,3,-36.7513313293457,for_001
-2.0,random_matched_norm,4,-36.80608057975769,for_001
-2.0,random_matched_norm,5,-36.76689028739929,for_001
-2.0,random_matched_norm,6,-36.78927946090698,for_001
-2.0,random_matched_norm,7,-36.71043038368225,for_001
-2.0,random_matched_norm,8,-36.91700887680054,for_001
-2.0,random_matched_norm,9,-36.81846213340759,for_001
-1.0,probe_direction,-1,-36.85751271247864,for_001
-1.0,random_matched_norm,0,-36.84455847740173,for_001
-1.0,random_matched_norm,1,-36.78978204727173,for_001
-1.0,random_matched_norm,2,-36.81601858139038,for_001
-1.0,random_matched_norm,3,-36.77536201477051,for_001
-1.0,random_matched_norm,4,-36.802693605422974,for_001
-1.0,random_matched_norm,5,-36.78323316574097,for_001
-1.0,random_matched_norm,6,-36.7942898273468,for_001
-1.0,random_matched_norm,7,-36.754974603652954,for_001
-1.0,random_matched_norm,8,-36.858118772506714,for_001
-1.0,random_matched_norm,9,-36.808916330337524,for_001
-0.5,probe_direction,-1,-36.82832312583923,for_001
-0.5,random_matched_norm,0,-36.82180309295654,for_001
-0.5,random_matched_norm,1,-36.794352531433105,for_001
-0.5,random_matched_norm,2,-36.807533740997314,for_001
-0.5,random_matched_norm,3,-36.7871789932251,for_001
-0.5,random_matched_norm,4,-36.80084443092346,for_001
-0.5,random_matched_norm,5,-36.7911536693573,for_001
-0.5,random_matched_norm,6,-36.79663324356079,for_001
-0.5,random_matched_norm,7,-36.77701497077942,for_001
-0.5,random_matched_norm,8,-36.82854127883911,for_001
-0.5,random_matched_norm,9,-36.80395793914795,for_001
0.0,probe_direction,-1,-36.79888105392456,for_001
0.0,random_matched_norm,0,-36.79888105392456,for_001
0.0,random_matched_norm,1,-36.79888105392456,for_001
0.0,random_matched_norm,2,-36.79888105392456,for_001
0.0,random_matched_norm,3,-36.79888105392456,for_001
0.0,random_matched_norm,4,-36.79888105392456,for_001
0.0,random_matched_norm,5,-36.79888105392456,for_001
0.0,random_matched_norm,6,-36.79888105392456,for_001
0.0,random_matched_norm,7,-36.79888105392456,for_001
0.0,random_matched_norm,8,-36.79888105392456,for_001
0.0,random_matched_norm,9,-36.79888105392456,for_001
0.5,probe_direction,-1,-36.76914310455322,for_001
0.5,random_matched_norm,0,-36.775766134262085,for_001
0.5,random_matched_norm,1,-36.803356647491455,for_001
0.5,random_matched_norm,2,-36.790050983428955,for_001
0.5,random_matched_norm,3,-36.810455322265625,for_001
0.5,random_matched_norm,4,-36.79680562019348,for_001
0.5,random_matched_norm,5,-36.8064239025116,for_001
0.5,random_matched_norm,6,-36.801018714904785,for_001
0.5,random_matched_norm,7,-36.820581912994385,for_001
0.5,random_matched_norm,8,-36.76911807060242,for_001
0.5,random_matched_norm,9,-36.793665170669556,for_001
1.0,probe_direction,-1,-36.73913836479187,for_001
1.0,random_matched_norm,0,-36.752476930618286,for_001
1.0,random_matched_norm,1,-36.8078134059906,for_001
1.0,random_matched_norm,2,-36.78105616569519,for_001
1.0,random_matched_norm,3,-36.82189226150513,for_001
1.0,random_matched_norm,4,-36.79460549354553,for_001
1.0,random_matched_norm,5,-36.813806772232056,for_001
1.0,random_matched_norm,6,-36.80303382873535,for_001
1.0,random_matched_norm,7,-36.84212779998779,for_001
1.0,random_matched_norm,8,-36.73926854133606,for_001
1.0,random_matched_norm,9,-36.78832173347473,for_001
2.0,probe_direction,-1,-36.67829132080078,for_001
2.0,random_matched_norm,0,-36.70534896850586,for_001
2.0,random_matched_norm,1,-36.81658124923706,for_001
2.0,random_matched_norm,2,-36.76253795623779,for_001
2.0,random_matched_norm,3,-36.84439301490784,for_001
2.0,random_matched_norm,4,-36.789886474609375,for_001
2.0,random_matched_norm,5,-36.828038454055786,for_001
2.0,random_matched_norm,6,-36.80675911903381,for_001
2.0,random_matched_norm,7,-36.88474082946777,for_001
2.0,random_matched_norm,8,-36.679293155670166,for_001
2.0,random_matched_norm,9,-36.77725601196289,for_001
-2.0,probe_direction,-1,-34.83510971069336,for_001
-2.0,random_matched_norm,0,-34.804433822631836,for_001
-2.0,random_matched_norm,1,-34.71818256378174,for_001
-2.0,random_matched_norm,2,-34.778207778930664,for_001
-2.0,random_matched_norm,3,-34.683725357055664,for_001
-2.0,random_matched_norm,4,-34.73513412475586,for_001
-2.0,random_matched_norm,5,-34.677608251571655,for_001
-2.0,random_matched_norm,6,-34.70800828933716,for_001
-2.0,random_matched_norm,7,-34.62864708900452,for_001
-2.0,random_matched_norm,8,-34.85239362716675,for_001
-2.0,random_matched_norm,9,-34.744502544403076,for_001
-1.0,probe_direction,-1,-34.77977252006531,for_001
-1.0,random_matched_norm,0,-34.764209032058716,for_001
-1.0,random_matched_norm,1,-34.72081446647644,for_001
-1.0,random_matched_norm,2,-34.75101399421692,for_001
-1.0,random_matched_norm,3,-34.703771114349365,for_001
-1.0,random_matched_norm,4,-34.72944974899292,for_001
-1.0,random_matched_norm,5,-34.700812339782715,for_001
-1.0,random_matched_norm,6,-34.715861082077026,for_001
-1.0,random_matched_norm,7,-34.67626428604126,for_001
-1.0,random_matched_norm,8,-34.78809571266174,for_001
-1.0,random_matched_norm,9,-34.734174489974976,for_001
-0.5,probe_direction,-1,-34.75169801712036,for_001
-0.5,random_matched_norm,0,-34.74386501312256,for_001
-0.5,random_matched_norm,1,-34.722087383270264,for_001
-0.5,random_matched_norm,2,-34.73724055290222,for_001
-0.5,random_matched_norm,3,-34.71362066268921,for_001
-0.5,random_matched_norm,4,-34.72644233703613,for_001
-0.5,random_matched_norm,5,-34.71216344833374,for_001
-0.5,random_matched_norm,6,-34.71966361999512,for_001
-0.5,random_matched_norm,7,-34.6998724937439,for_001
-0.5,random_matched_norm,8,-34.75578022003174,for_001
-0.5,random_matched_norm,9,-34.728835582733154,for_001
0.0,probe_direction,-1,-34.72335386276245,for_001
0.0,random_matched_norm,0,-34.72335386276245,for_001
0.0,random_matched_norm,1,-34.72335386276245,for_001
0.0,random_matched_norm,2,-34.72335386276245,for_001
0.0,random_matched_norm,3,-34.72335386276245,for_001
0.0,random_matched_norm,4,-34.72335386276245,for_001
0.0,random_matched_norm,5,-34.72335386276245,for_001
0.0,random_matched_norm,6,-34.72335386276245,for_001
0.0,random_matched_norm,7,-34.72335386276245,for_001
0.0,random_matched_norm,8,-34.72335386276245,for_001
0.0,random_matched_norm,9,-34.72335386276245,for_001
0.5,probe_direction,-1,-34.69472599029541,for_001
0.5,random_matched_norm,0,-34.70266771316528,for_001
0.5,random_matched_norm,1,-34.724592447280884,for_001
0.5,random_matched_norm,2,-34.70934700965881,for_001
0.5,random_matched_norm,3,-34.73296070098877,for_001
0.5,random_matched_norm,4,-34.720157861709595,for_001
0.5,random_matched_norm,5,-34.73437833786011,for_001
0.5,random_matched_norm,6,-34.726953744888306,for_001
0.5,random_matched_norm,7,-34.746705293655396,for_001
0.5,random_matched_norm,8,-34.69082546234131,for_001
0.5,random_matched_norm,9,-34.71775579452515,for_001
1.0,probe_direction,-1,-34.6658353805542,for_001
1.0,random_matched_norm,0,-34.68181562423706,for_001
1.0,random_matched_norm,1,-34.7258026599884,for_001
1.0,random_matched_norm,2,-34.69523286819458,for_001
1.0,random_matched_norm,3,-34.74244260787964,for_001
1.0,random_matched_norm,4,-34.71687459945679,for_001
1.0,random_matched_norm,5,-34.74524903297424,for_001
1.0,random_matched_norm,6,-34.730445861816406,for_001
1.0,random_matched_norm,7,-34.76991009712219,for_001
1.0,random_matched_norm,8,-34.65819430351257,for_001
1.0,random_matched_norm,9,-34.71204924583435,for_001
2.0,probe_direction,-1,-34.60719013214111,for_001
2.0,random_matched_norm,0,-34.63963079452515,for_001
2.0,random_matched_norm,1,-34.72815799713135,for_001
2.0,random_matched_norm,2,-34.66665816307068,for_001
2.0,random_matched_norm,3,-34.76103854179382,for_001
2.0,random_matched_norm,4,-34.70998191833496,for_001
2.0,random_matched_norm,5,-34.76652717590332,for_001
2.0,random_matched_norm,6,-34.73713302612305,for_001
2.0,random_matched_norm,7,-34.815903663635254,for_001
2.0,random_matched_norm,8,-34.592615842819214,for_001
2.0,random_matched_norm,9,-34.70026469230652,for_001
-2.0,probe_direction,-1,-37.24164122343063,for_001
-2.0,random_matched_norm,0,-37.20152270793915,for_001
-2.0,random_matched_norm,1,-37.127222180366516,for_001
-2.0,random_matched_norm,2,-37.17811197042465,for_001
-2.0,random_matched_norm,3,-37.09328293800354,for_001
-2.0,random_matched_norm,4,-37.14216363430023,for_001
-2.0,random_matched_norm,5,-37.097837805747986,for_001
-2.0,random_matched_norm,6,-37.11709475517273,for_001
-2.0,random_matched_norm,7,-37.016414165496826,for_001
-2.0,random_matched_norm,8,-37.26229655742645,for_001
-2.0,random_matched_norm,9,-37.13736629486084,for_001
-1.0,probe_direction,-1,-37.185128539800644,for_001
-1.0,random_matched_norm,0,-37.16495090723038,for_001
-1.0,random_matched_norm,1,-37.127577126026154,for_001
-1.0,random_matched_norm,2,-37.153141021728516,for_001
-1.0,random_matched_norm,3,-37.11070841550827,for_001
-1.0,random_matched_norm,4,-37.13515627384186,for_001
-1.0,random_matched_norm,5,-37.11308562755585,for_001
-1.0,random_matched_norm,6,-37.12256318330765,for_001
-1.0,random_matched_norm,7,-37.072363913059235,for_001
-1.0,random_matched_norm,8,-37.1952086687088,for_001
-1.0,random_matched_norm,9,-37.13277417421341,for_001
-0.5,probe_direction,-1,-37.156509816646576,for_001
-0.5,random_matched_norm,0,-37.14636826515198,for_001
-0.5,random_matched_norm,1,-37.127605736255646,for_001
-0.5,random_matched_norm,2,-37.14042550325394,for_001
-0.5,random_matched_norm,3,-37.11922311782837,for_001
-0.5,random_matched_norm,4,-37.131433725357056,for_001
-0.5,random_matched_norm,5,-37.12044382095337,for_001
-0.5,random_matched_norm,6,-37.125149846076965,for_001
-0.5,random_matched_norm,7,-37.100076258182526,for_001
-0.5,random_matched_norm,8,-37.16146719455719,for_001
-0.5,random_matched_norm,9,-37.13025462627411,for_001
0.0,probe_direction,-1,-37.12759983539581,for_001
0.0,random_matched_norm,0,-37.12759983539581,for_001
0.0,random_matched_norm,1,-37.12759983539581,for_001
0.0,random_matched_norm,2,-37.12759983539581,for_001
0.0,random_matched_norm,3,-37.12759983539581,for_001
0.0,random_matched_norm,4,-37.12759983539581,for_001
0.0,random_matched_norm,5,-37.12759983539581,for_001
0.0,random_matched_norm,6,-37.12759983539581,for_001
0.0,random_matched_norm,7,-37.12759983539581,for_001
0.0,random_matched_norm,8,-37.12759983539581,for_001
0.0,random_matched_norm,9,-37.12759983539581,for_001
0.5,probe_direction,-1,-37.098437666893005,for_001
0.5,random_matched_norm,0,-37.108628273010254,for_001
0.5,random_matched_norm,1,-37.12746596336365,for_001
0.5,random_matched_norm,2,-37.11461555957794,for_001
0.5,random_matched_norm,3,-37.135840713977814,for_001
0.5,random_matched_norm,4,-37.12359768152237,for_001
0.5,random_matched_norm,5,-37.13456839323044,for_001
0.5,random_matched_norm,6,-37.12993651628494,for_001
0.5,random_matched_norm,7,-37.15493321418762,for_001
0.5,random_matched_norm,8,-37.093579828739166,for_001
0.5,random_matched_norm,9,-37.12478071451187,for_001
1.0,probe_direction,-1,-37.069010615348816,for_001
1.0,random_matched_norm,0,-37.08948242664337,for_001
1.0,random_matched_norm,1,-37.127275705337524,for_001
1.0,random_matched_norm,2,-37.10152494907379,for_001
1.0,random_matched_norm,3,-37.1439294219017,for_001
1.0,random_matched_norm,4,-37.11948359012604,for_001
1.0,random_matched_norm,5,-37.141385078430176,for_001
1.0,random_matched_norm,6,-37.132130444049835,for_001
1.0,random_matched_norm,7,-37.18210434913635,for_001
1.0,random_matched_norm,8,-37.05944359302521,for_001
1.0,random_matched_norm,9,-37.12181997299194,for_001
2.0,probe_direction,-1,-37.009381711483,for_001
2.0,random_matched_norm,0,-37.05062407255173,for_001
2.0,random_matched_norm,1,-37.12661147117615,for_001
2.0,random_matched_norm,2,-37.07491946220398,for_001
2.0,random_matched_norm,3,-37.159683525562286,for_001
2.0,random_matched_norm,4,-37.11079239845276,for_001
2.0,random_matched_norm,5,-37.15447527170181,for_001
2.0,random_matched_norm,6,-37.13617992401123,for_001
2.0,random_matched_norm,7,-37.2358478307724,for_001
2.0,random_matched_norm,8,-36.99075388908386,for_001
2.0,random_matched_norm,9,-37.11546337604523,for_001
-2.0,probe_direction,-1,7.242902755737305,for_002
-2.0,random_matched_norm,0,7.274631500244141,for_002
-2.0,random_matched_norm,1,7.283903121948242,for_002
-2.0,random_matched_norm,2,7.319377899169922,for_002
-2.0,random_matched_norm,3,7.339666366577148,for_002
-2.0,random_matched_norm,4,7.301715850830078,for_002
-2.0,random_matched_norm,5,7.327537536621094,for_002
-2.0,random_matched_norm,6,7.280630111694336,for_002
-2.0,random_matched_norm,7,7.340503692626953,for_002
-2.0,random_matched_norm,8,7.334676742553711,for_002
-2.0,random_matched_norm,9,7.294000625610352,for_002
-1.0,probe_direction,-1,7.279003143310547,for_002
-1.0,random_matched_norm,0,7.294452667236328,for_002
-1.0,random_matched_norm,1,7.299062728881836,for_002
-1.0,random_matched_norm,2,7.316949844360352,for_002
-1.0,random_matched_norm,3,7.32697868347168,for_002
-1.0,random_matched_norm,4,7.308095932006836,for_002
-1.0,random_matched_norm,5,7.320882797241211,for_002
-1.0,random_matched_norm,6,7.297462463378906,for_002
-1.0,random_matched_norm,7,7.327522277832031,for_002
-1.0,random_matched_norm,8,7.324567794799805,for_002
-1.0,random_matched_norm,9,7.30421257019043,for_002
-0.5,probe_direction,-1,7.296770095825195,for_002
-0.5,random_matched_norm,0,7.304376602172852,for_002
-0.5,random_matched_norm,1,7.306682586669922,for_002
-0.5,random_matched_norm,2,7.315666198730469,for_002
-0.5,random_matched_norm,3,7.320653915405273,for_002
-0.5,random_matched_norm,4,7.3112335205078125,for_002
-0.5,random_matched_norm,5,7.317600250244141,for_002
-0.5,random_matched_norm,6,7.305904388427734,for_002
-0.5,random_matched_norm,7,7.320953369140625,for_002
-0.5,random_matched_norm,8,7.319465637207031,for_002
-0.5,random_matched_norm,9,7.309295654296875,for_002
0.0,probe_direction,-1,7.314329147338867,for_002
0.0,random_matched_norm,0,7.314329147338867,for_002
0.0,random_matched_norm,1,7.314329147338867,for_002
0.0,random_matched_norm,2,7.314329147338867,for_002
0.0,random_matched_norm,3,7.314329147338867,for_002
0.0,random_matched_norm,4,7.314329147338867,for_002
0.0,random_matched_norm,5,7.314329147338867,for_002
0.0,random_matched_norm,6,7.314329147338867,for_002
0.0,random_matched_norm,7,7.314329147338867,for_002
0.0,random_matched_norm,8,7.314329147338867,for_002
0.0,random_matched_norm,9,7.314329147338867,for_002
0.5,probe_direction,-1,7.331714630126953,for_002
0.5,random_matched_norm,0,7.324300765991211,for_002
0.5,random_matched_norm,1,7.322011947631836,for_002
0.5,random_matched_norm,2,7.312955856323242,for_002
0.5,random_matched_norm,3,7.3080291748046875,for_002
0.5,random_matched_norm,4,7.317403793334961,for_002
0.5,random_matched_norm,5,7.311100006103516,for_002
0.5,random_matched_norm,6,7.322788238525391,for_002
0.5,random_matched_norm,7,7.3076629638671875,for_002
0.5,random_matched_norm,8,7.309179306030273,for_002
0.5,random_matched_norm,9,7.319366455078125,for_002
1.0,probe_direction,-1,7.348903656005859,for_002
1.0,random_matched_norm,0,7.334297180175781,for_002
1.0,random_matched_norm,1,7.329713821411133,for_002
1.0,random_matched_norm,2,7.311542510986328,for_002
1.0,random_matched_norm,3,7.30174446105957,for_002
1.0,random_matched_norm,4,7.320440292358398,for_002
1.0,random_matched_norm,5,7.307889938354492,for_002
1.0,random_matched_norm,6,7.331245422363281,for_002
1.0,random_matched_norm,7,7.300931930541992,for_002
1.0,random_matched_norm,8,7.303995132446289,for_002
1.0,random_matched_norm,9,7.324371337890625,for_002
2.0,probe_direction,-1,7.382728576660156,for_002
2.0,random_matched_norm,0,7.35432243347168,for_002
2.0,random_matched_norm,1,7.345195770263672,for_002
2.0,random_matched_norm,2,7.308574676513672,for_002
2.0,random_matched_norm,3,7.289220809936523,for_002
2.0,random_matched_norm,4,7.326404571533203,for_002
2.0,random_matched_norm,5,7.301549911499023,for_002
2.0,random_matched_norm,6,7.34820556640625,for_002
2.0,random_matched_norm,7,7.287309646606445,for_002
2.0,random_matched_norm,8,7.293548583984375,for_002
2.0,random_matched_norm,9,7.334346771240234,for_002
-2.0,probe_direction,-1,8.91158676147461,for_002
-2.0,random_matched_norm,0,8.953805923461914,for_002
-2.0,random_matched_norm,1,8.950761795043945,for_002
-2.0,random_matched_norm,2,8.95393180847168,for_002
-2.0,random_matched_norm,3,8.992656707763672,for_002
-2.0,random_matched_norm,4,8.966314315795898,for_002
-2.0,random_matched_norm,5,8.973068237304688,for_002
-2.0,random_matched_norm,6,8.948446273803711,for_002
-2.0,random_matched_norm,7,8.992866516113281,for_002
-2.0,random_matched_norm,8,8.993402481079102,for_002
-2.0,random_matched_norm,9,8.943653106689453,for_002
-1.0,probe_direction,-1,8.943220138549805,for_002
-1.0,random_matched_norm,0,8.963872909545898,for_002
-1.0,random_matched_norm,1,8.962257385253906,for_002
-1.0,random_matched_norm,2,8.963987350463867,for_002
-1.0,random_matched_norm,3,8.983247756958008,for_002
-1.0,random_matched_norm,4,8.97018814086914,for_002
-1.0,random_matched_norm,5,8.973470687866211,for_002
-1.0,random_matched_norm,6,8.961210250854492,for_002
-1.0,random_matched_norm,7,8.98353385925293,for_002
-1.0,random_matched_norm,8,8.983760833740234,for_002
-1.0,random_matched_norm,9,8.958822250366211,for_002
-0.5,probe_direction,-1,8.958669662475586,for_002
-0.5,random_matched_norm,0,8.968875885009766,for_002
-0.5,random_matched_norm,1,8.968053817749023,for_002
-0.5,random_matched_norm,2,8.968963623046875,for_002
-0.5,random_matched_norm,3,8.978565216064453,for_002
-0.5,random_matched_norm,4,8.972074508666992,for_002
-0.5,random_matched_norm,5,8.973676681518555,for_002
-0.5,random_matched_norm,6,8.967567443847656,for_002
-0.5,random_matched_norm,7,8.978754043579102,for_002
-0.5,random_matched_norm,8,8.978862762451172,for_002
-0.5,random_matched_norm,9,8.96636962890625,for_002
0.0,probe_direction,-1,8.973896026611328,for_002
0.0,random_matched_norm,0,8.973896026611328,for_002
0.0,random_matched_norm,1,8.973896026611328,for_002
0.0,random_matched_norm,2,8.973896026611328,for_002
0.0,random_matched_norm,3,8.973896026611328,for_002
0.0,random_matched_norm,4,8.973896026611328,for_002
0.0,random_matched_norm,5,8.973896026611328,for_002
0.0,random_matched_norm,6,8.973896026611328,for_002
0.0,random_matched_norm,7,8.973896026611328,for_002
0.0,random_matched_norm,8,8.973896026611328,for_002
0.0,random_matched_norm,9,8.973896026611328,for_002
0.5,probe_direction,-1,8.988874435424805,for_002
0.5,random_matched_norm,0,8.978878021240234,for_002
0.5,random_matched_norm,1,8.979782104492188,for_002
0.5,random_matched_norm,2,8.97878646850586,for_002
0.5,random_matched_norm,3,8.969255447387695,for_002
0.5,random_matched_norm,4,8.975662231445312,for_002
0.5,random_matched_norm,5,8.974113464355469,for_002
0.5,random_matched_norm,6,8.980199813842773,for_002
0.5,random_matched_norm,7,8.968942642211914,for_002
0.5,random_matched_norm,8,8.968883514404297,for_002
0.5,random_matched_norm,9,8.981389999389648,for_002
1.0,probe_direction,-1,9.003629684448242,for_002
1.0,random_matched_norm,0,8.983863830566406,for_002
1.0,random_matched_norm,1,8.985662460327148,for_002
1.0,random_matched_norm,2,8.983634948730469,for_002
1.0,random_matched_norm,3,8.964624404907227,for_002
1.0,random_matched_norm,4,8.977399826049805,for_002
1.0,random_matched_norm,5,8.974353790283203,for_002
1.0,random_matched_norm,6,8.986495971679688,for_002
1.0,random_matched_norm,7,8.963933944702148,for_002
1.0,random_matched_norm,8,8.963804244995117,for_002
1.0,random_matched_norm,9,8.98886489868164,for_002
2.0,probe_direction,-1,9.032463073730469,for_002
2.0,random_matched_norm,0,8.993806838989258,for_002
2.0,random_matched_norm,1,8.997568130493164,for_002
2.0,random_matched_norm,2,8.993204116821289,for_002
2.0,random_matched_norm,3,8.955415725708008,for_002
2.0,random_matched_norm,4,8.980667114257812,for_002
2.0,random_matched_norm,5,8.974828720092773,for_002
2.0,random_matched_norm,6,8.999019622802734,for_002
2.0,random_matched_norm,7,8.95362663269043,for_002
2.0,random_matched_norm,8,8.953516006469727,for_002
2.0,random_matched_norm,9,9.003728866577148,for_002
-2.0,probe_direction,-1,8.147500991821289,for_002
-2.0,random_matched_norm,0,8.207096099853516,for_002
-2.0,random_matched_norm,1,8.19080924987793,for_002
-2.0,random_matched_norm,2,8.212381362915039,for_002
-2.0,random_matched_norm,3,8.245023727416992,for_002
-2.0,random_matched_norm,4,8.236709594726562,for_002
-2.0,random_matched_norm,5,8.227508544921875,for_002
-2.0,random_matched_norm,6,8.189064025878906,for_002
-2.0,random_matched_norm,7,8.262184143066406,for_002
-2.0,random_matched_norm,8,8.246294021606445,for_002
-2.0,random_matched_norm,9,8.188911437988281,for_002
-1.0,probe_direction,-1,8.186210632324219,for_002
-1.0,random_matched_norm,0,8.215484619140625,for_002
-1.0,random_matched_norm,1,8.207298278808594,for_002
-1.0,random_matched_norm,2,8.21821403503418,for_002
-1.0,random_matched_norm,3,8.234439849853516,for_002
-1.0,random_matched_norm,4,8.230379104614258,for_002
-1.0,random_matched_norm,5,8.225669860839844,for_002
-1.0,random_matched_norm,6,8.206548690795898,for_002
-1.0,random_matched_norm,7,8.24311637878418,for_002
-1.0,random_matched_norm,8,8.23524284362793,for_002
-1.0,random_matched_norm,9,8.206418991088867,for_002
-0.5,probe_direction,-1,8.205196380615234,for_002
-0.5,random_matched_norm,0,8.219701766967773,for_002
-0.5,random_matched_norm,1,8.215599060058594,for_002
-0.5,random_matched_norm,2,8.221094131469727,for_002
-0.5,random_matched_norm,3,8.229177474975586,for_002
-0.5,random_matched_norm,4,8.227182388305664,for_002
-0.5,random_matched_norm,5,8.22479248046875,for_002
-0.5,random_matched_norm,6,8.215255737304688,for_002
-0.5,random_matched_norm,7,8.233552932739258,for_002
-0.5,random_matched_norm,8,8.2296142578125,for_002
-0.5,random_matched_norm,9,8.215177536010742,for_002
0.0,probe_direction,-1,8.223945617675781,for_002
0.0,random_matched_norm,0,8.223945617675781,for_002
0.0,random_matched_norm,1,8.223945617675781,for_002
0.0,random_matched_norm,2,8.223945617675781,for_002
0.0,random_matched_norm,3,8.223945617675781,for_002
0.0,random_matched_norm,4,8.223945617675781,for_002
0.0,random_matched_norm,5,8.223945617675781,for_002
0.0,random_matched_norm,6,8.223945617675781,for_002
0.0,random_matched_norm,7,8.223945617675781,for_002
0.0,random_matched_norm,8,8.223945617675781,for_002
0.0,random_matched_norm,9,8.223945617675781,for_002
0.5,probe_direction,-1,8.242452621459961,for_002
0.5,random_matched_norm,0,8.228204727172852,for_002
0.5,random_matched_norm,1,8.232324600219727,for_002
0.5,random_matched_norm,2,8.226760864257812,for_002
0.5,random_matched_norm,3,8.218738555908203,for_002
0.5,random_matched_norm,4,8.220682144165039,for_002
0.5,random_matched_norm,5,8.223123550415039,for_002
0.5,random_matched_norm,6,8.23260498046875,for_002
0.5,random_matched_norm,7,8.214319229125977,for_002
0.5,random_matched_norm,8,8.21821403503418,for_002
0.5,random_matched_norm,9,8.23271369934082,for_002
1.0,probe_direction,-1,8.260702133178711,for_002
1.0,random_matched_norm,0,8.232479095458984,for_002
1.0,random_matched_norm,1,8.24073600769043,for_002
1.0,random_matched_norm,2,8.229562759399414,for_002
1.0,random_matched_norm,3,8.213571548461914,for_002
1.0,random_matched_norm,4,8.217386245727539,for_002
1.0,random_matched_norm,5,8.222341537475586,for_002
1.0,random_matched_norm,6,8.241256713867188,for_002
1.0,random_matched_norm,7,8.204666137695312,for_002
1.0,random_matched_norm,8,8.212411880493164,for_002
1.0,random_matched_norm,9,8.241497039794922,for_002
2.0,probe_direction,-1,8.296483993530273,for_002
2.0,random_matched_norm,0,8.241100311279297,for_002
2.0,random_matched_norm,1,8.257680892944336,for_002
2.0,random_matched_norm,2,8.235095977783203,for_002
2.0,random_matched_norm,3,8.203300476074219,for_002
2.0,random_matched_norm,4,8.210714340209961,for_002
2.0,random_matched_norm,5,8.220884323120117,for_002
2.0,random_matched_norm,6,8.258474349975586,for_002
2.0,random_matched_norm,7,8.18528938293457,for_002
2.0,random_matched_norm,8,8.200672149658203,for_002
2.0,random_matched_norm,9,8.259052276611328,for_002
-2.0,probe_direction,-1,9.391298294067383,for_002
-2.0,random_matched_norm,0,9.430137634277344,for_002
-2.0,random_matched_norm,1,9.42238998413086,for_002
-2.0,random_matched_norm,2,9.427970886230469,for_002
-2.0,random_matched_norm,3,9.465665817260742,for_002
-2.0,random_matched_norm,4,9.439319610595703,for_002
-2.0,random_matched_norm,5,9.446741104125977,for_002
-2.0,random_matched_norm,6,9.420856475830078,for_002
-2.0,random_matched_norm,7,9.469013214111328,for_002
-2.0,random_matched_norm,8,9.46615219116211,for_002
-2.0,random_matched_norm,9,9.41340446472168,for_002
-1.0,probe_direction,-1,9.419837951660156,for_002
-1.0,random_matched_norm,0,9.438802719116211,for_002
-1.0,random_matched_norm,1,9.434820175170898,for_002
-1.0,random_matched_norm,2,9.43777847290039,for_002
-1.0,random_matched_norm,3,9.456527709960938,for_002
-1.0,random_matched_norm,4,9.443437576293945,for_002
-1.0,random_matched_norm,5,9.447076797485352,for_002
-1.0,random_matched_norm,6,9.434148788452148,for_002
-1.0,random_matched_norm,7,9.458375930786133,for_002
-1.0,random_matched_norm,8,9.456928253173828,for_002
-1.0,random_matched_norm,9,9.430469512939453,for_002
-0.5,probe_direction,-1,9.43374252319336,for_002
-0.5,random_matched_norm,0,9.443120956420898,for_002
-0.5,random_matched_norm,1,9.441108703613281,for_002
-0.5,random_matched_norm,2,9.442623138427734,for_002
-0.5,random_matched_norm,3,9.45196533203125,for_002
-0.5,random_matched_norm,4,9.445455551147461,for_002
-0.5,random_matched_norm,5,9.447257995605469,for_002
-0.5,random_matched_norm,6,9.440793991088867,for_002
-0.5,random_matched_norm,7,9.45294189453125,for_002
-0.5,random_matched_norm,8,9.452207565307617,for_002
-0.5,random_matched_norm,9,9.438961029052734,for_002
0.0,probe_direction,-1,9.447439193725586,for_002
0.0,random_matched_norm,0,9.447439193725586,for_002
0.0,random_matched_norm,1,9.447439193725586,for_002
0.0,random_matched_norm,2,9.447439193725586,for_002
0.0,random_matched_norm,3,9.447439193725586,for_002
0.0,random_matched_norm,4,9.447439193725586,for_002
0.0,random_matched_norm,5,9.447439193725586,for_002
0.0,random_matched_norm,6,9.447439193725586,for_002
0.0,random_matched_norm,7,9.447439193725586,for_002
0.0,random_matched_norm,8,9.447439193725586,for_002
0.0,random_matched_norm,9,9.447439193725586,for_002
0.5,probe_direction,-1,9.460891723632812,for_002
0.5,random_matched_norm,0,9.451740264892578,for_002
0.5,random_matched_norm,1,9.453807830810547,for_002
0.5,random_matched_norm,2,9.452205657958984,for_002
0.5,random_matched_norm,3,9.442914962768555,for_002
0.5,random_matched_norm,4,9.449377059936523,for_002
0.5,random_matched_norm,5,9.447626113891602,for_002
0.5,random_matched_norm,6,9.454063415527344,for_002
0.5,random_matched_norm,7,9.44186019897461,for_002
0.5,random_matched_norm,8,9.442598342895508,for_002
0.5,random_matched_norm,9,9.455877304077148,for_002
1.0,probe_direction,-1,9.474128723144531,for_002
1.0,random_matched_norm,0,9.45604133605957,for_002
1.0,random_matched_norm,1,9.460241317749023,for_002
1.0,random_matched_norm,2,9.456949234008789,for_002
1.0,random_matched_norm,3,9.438438415527344,for_002
1.0,random_matched_norm,4,9.451286315917969,for_002
1.0,random_matched_norm,5,9.447824478149414,for_002
1.0,random_matched_norm,6,9.460710525512695,for_002
1.0,random_matched_norm,7,9.436210632324219,for_002
1.0,random_matched_norm,8,9.437704086303711,for_002
1.0,random_matched_norm,9,9.464286804199219,for_002
2.0,probe_direction,-1,9.499935150146484,for_002
2.0,random_matched_norm,0,9.464605331420898,for_002
2.0,random_matched_norm,1,9.473217010498047,for_002
2.0,random_matched_norm,2,9.466323852539062,for_002
2.0,random_matched_norm,3,9.429510116577148,for_002
2.0,random_matched_norm,4,9.454994201660156,for_002
2.0,random_matched_norm,5,9.4482421875,for_002
2.0,random_matched_norm,6,9.473968505859375,for_002
2.0,random_matched_norm,7,9.424688339233398,for_002
2.0,random_matched_norm,8,9.427728652954102,for_002
2.0,random_matched_norm,9,9.481056213378906,for_002
-2.0,probe_direction,-1,9.017267227172852,for_002
-2.0,random_matched_norm,0,9.057085037231445,for_002
-2.0,random_matched_norm,1,9.050334930419922,for_002
-2.0,random_matched_norm,2,9.063983917236328,for_002
-2.0,random_matched_norm,3,9.096471786499023,for_002
-2.0,random_matched_norm,4,9.066781997680664,for_002
-2.0,random_matched_norm,5,9.087039947509766,for_002
-2.0,random_matched_norm,6,9.052736282348633,for_002
-2.0,random_matched_norm,7,9.09783935546875,for_002
-2.0,random_matched_norm,8,9.09604263305664,for_002
-2.0,random_matched_norm,9,9.043098449707031,for_002
-1.0,probe_direction,-1,9.048236846923828,for_002
-1.0,random_matched_norm,0,9.067667007446289,for_002
-1.0,random_matched_norm,1,9.064241409301758,for_002
-1.0,random_matched_norm,2,9.071243286132812,for_002
-1.0,random_matched_norm,3,9.087369918823242,for_002
-1.0,random_matched_norm,4,9.07261848449707,for_002
-1.0,random_matched_norm,5,9.082637786865234,for_002
-1.0,random_matched_norm,6,9.065544128417969,for_002
-1.0,random_matched_norm,7,9.088205337524414,for_002
-1.0,random_matched_norm,8,9.08726692199707,for_002
-1.0,random_matched_norm,9,9.06075668334961,for_002
-0.5,probe_direction,-1,9.06338882446289,for_002
-0.5,random_matched_norm,0,9.072990417480469,for_002
-0.5,random_matched_norm,1,9.07126235961914,for_002
-0.5,random_matched_norm,2,9.074811935424805,for_002
-0.5,random_matched_norm,3,9.082841873168945,for_002
-0.5,random_matched_norm,4,9.075481414794922,for_002
-0.5,random_matched_norm,5,9.080467224121094,for_002
-0.5,random_matched_norm,6,9.071943283081055,for_002
-0.5,random_matched_norm,7,9.083295822143555,for_002
-0.5,random_matched_norm,8,9.082815170288086,for_002
-0.5,random_matched_norm,9,9.069557189941406,for_002
0.0,probe_direction,-1,9.078329086303711,for_002
0.0,random_matched_norm,0,9.078329086303711,for_002
0.0,random_matched_norm,1,9.078329086303711,for_002
0.0,random_matched_norm,2,9.078329086303711,for_002
0.0,random_matched_norm,3,9.078329086303711,for_002
0.0,random_matched_norm,4,9.078329086303711,for_002
0.0,random_matched_norm,5,9.078329086303711,for_002
0.0,random_matched_norm,6,9.078329086303711,for_002
0.0,random_matched_norm,7,9.078329086303711,for_002
0.0,random_matched_norm,8,9.078329086303711,for_002
0.0,random_matched_norm,9,9.078329086303711,for_002
0.5,probe_direction,-1,9.093055725097656,for_002
0.5,random_matched_norm,0,9.083683013916016,for_002
0.5,random_matched_norm,1,9.085424423217773,for_002
0.5,random_matched_norm,2,9.081792831420898,for_002
0.5,random_matched_norm,3,9.073822021484375,for_002
0.5,random_matched_norm,4,9.081134796142578,for_002
0.5,random_matched_norm,5,9.07619857788086,for_002
0.5,random_matched_norm,6,9.08470344543457,for_002
0.5,random_matched_norm,7,9.073293685913086,for_002
0.5,random_matched_norm,8,9.07380485534668,for_002
0.5,random_matched_norm,9,9.087074279785156,for_002
1.0,probe_direction,-1,9.107572555541992,for_002
1.0,random_matched_norm,0,9.089057922363281,for_002
1.0,random_matched_norm,1,9.092567443847656,for_002
1.0,random_matched_norm,2,9.085214614868164,for_002
1.0,random_matched_norm,3,9.069341659545898,for_002
1.0,random_matched_norm,4,9.08390998840332,for_002
1.0,random_matched_norm,5,9.07411003112793,for_002
1.0,random_matched_norm,6,9.09105110168457,for_002
1.0,random_matched_norm,7,9.068216323852539,for_002
1.0,random_matched_norm,8,9.069246292114258,for_002
1.0,random_matched_norm,9,9.095806121826172,for_002
2.0,probe_direction,-1,9.135974884033203,for_002
2.0,random_matched_norm,0,9.099845886230469,for_002
2.0,random_matched_norm,1,9.10698127746582,for_002
2.0,random_matched_norm,2,9.091913223266602,for_002
2.0,random_matched_norm,3,9.060434341430664,for_002
2.0,random_matched_norm,4,9.089359283447266,for_002
2.0,random_matched_norm,5,9.070011138916016,for_002
2.0,random_matched_norm,6,9.103738784790039,for_002
2.0,random_matched_norm,7,9.057878494262695,for_002
2.0,random_matched_norm,8,9.060012817382812,for_002
2.0,random_matched_norm,9,9.113187789916992,for_002
-2.0,probe_direction,-1,8.418998718261719,for_002
-2.0,random_matched_norm,0,8.453920364379883,for_002
-2.0,random_matched_norm,1,8.446149826049805,for_002
-2.0,random_matched_norm,2,8.479944229125977,for_002
-2.0,random_matched_norm,3,8.517379760742188,for_002
-2.0,random_matched_norm,4,8.503040313720703,for_002
-2.0,random_matched_norm,5,8.488975524902344,for_002
-2.0,random_matched_norm,6,8.450250625610352,for_002
-2.0,random_matched_norm,7,8.522453308105469,for_002
-2.0,random_matched_norm,8,8.504898071289062,for_002
-2.0,random_matched_norm,9,8.452186584472656,for_002
-1.0,probe_direction,-1,8.454355239868164,for_002
-1.0,random_matched_norm,0,8.471296310424805,for_002
-1.0,random_matched_norm,1,8.467281341552734,for_002
-1.0,random_matched_norm,2,8.484344482421875,for_002
-1.0,random_matched_norm,3,8.503005981445312,for_002
-1.0,random_matched_norm,4,8.495914459228516,for_002
-1.0,random_matched_norm,5,8.488771438598633,for_002
-1.0,random_matched_norm,6,8.469490051269531,for_002
-1.0,random_matched_norm,7,8.505655288696289,for_002
-1.0,random_matched_norm,8,8.496936798095703,for_002
-1.0,random_matched_norm,9,8.470462799072266,for_002
-0.5,probe_direction,-1,8.471664428710938,for_002
-0.5,random_matched_norm,0,8.479999542236328,for_002
-0.5,random_matched_norm,1,8.47795295715332,for_002
-0.5,random_matched_norm,2,8.486551284790039,for_002
-0.5,random_matched_norm,3,8.495843887329102,for_002
-0.5,random_matched_norm,4,8.492319107055664,for_002
-0.5,random_matched_norm,5,8.488750457763672,for_002
-0.5,random_matched_norm,6,8.479110717773438,for_002
-0.5,random_matched_norm,7,8.497224807739258,for_002
-0.5,random_matched_norm,8,8.492855072021484,for_002
-0.5,random_matched_norm,9,8.479576110839844,for_002
0.0,probe_direction,-1,8.488704681396484,for_002
0.0,random_matched_norm,0,8.488704681396484,for_002
0.0,random_matched_norm,1,8.488704681396484,for_002
0.0,random_matched_norm,2,8.488704681396484,for_002
0.0,random_matched_norm,3,8.488704681396484,for_002
0.0,random_matched_norm,4,8.488704681396484,for_002
0.0,random_matched_norm,5,8.488704681396484,for_002
0.0,random_matched_norm,6,8.488704681396484,for_002
0.0,random_matched_norm,7,8.488704681396484,for_002
0.0,random_matched_norm,8,8.488704681396484,for_002
0.0,random_matched_norm,9,8.488704681396484,for_002
0.5,probe_direction,-1,8.505533218383789,for_002
0.5,random_matched_norm,0,8.497440338134766,for_002
0.5,random_matched_norm,1,8.49954605102539,for_002
0.5,random_matched_norm,2,8.49089241027832,for_002
0.5,random_matched_norm,3,8.481607437133789,for_002
0.5,random_matched_norm,4,8.485109329223633,for_002
0.5,random_matched_norm,5,8.488698959350586,for_002
0.5,random_matched_norm,6,8.498327255249023,for_002
0.5,random_matched_norm,7,8.480178833007812,for_002
0.5,random_matched_norm,8,8.484514236450195,for_002
0.5,random_matched_norm,9,8.497838973999023,for_002
1.0,probe_direction,-1,8.522106170654297,for_002
1.0,random_matched_norm,0,8.506175994873047,for_002
1.0,random_matched_norm,1,8.51045036315918,for_002
1.0,random_matched_norm,2,8.493053436279297,for_002
1.0,random_matched_norm,3,8.47454833984375,for_002
1.0,random_matched_norm,4,8.481468200683594,for_002
1.0,random_matched_norm,5,8.48874282836914,for_002
1.0,random_matched_norm,6,8.50792121887207,for_002
1.0,random_matched_norm,7,8.471595764160156,for_002
1.0,random_matched_norm,8,8.480230331420898,for_002
1.0,random_matched_norm,9,8.506956100463867,for_002
2.0,probe_direction,-1,8.554521560668945,for_002
2.0,random_matched_norm,0,8.523717880249023,for_002
2.0,random_matched_norm,1,8.532468795776367,for_002
2.0,random_matched_norm,2,8.497343063354492,for_002
2.0,random_matched_norm,3,8.460498809814453,for_002
2.0,random_matched_norm,4,8.474163055419922,for_002
2.0,random_matched_norm,5,8.488916397094727,for_002
2.0,random_matched_norm,6,8.527116775512695,for_002
2.0,random_matched_norm,7,8.454345703125,for_002
2.0,random_matched_norm,8,8.47149658203125,for_002
2.0,random_matched_norm,9,8.525199890136719,for_002
-2.0,probe_direction,-1,-31.155269622802734,for_003
-2.0,random_matched_norm,0,-31.096595764160156,for_003
-2.0,random_matched_norm,1,-31.171815872192383,for_003
-2.0,random_matched_norm,2,-31.162250518798828,for_003
-2.0,random_matched_norm,3,-31.179584503173828,for_003
-2.0,random_matched_norm,4,-31.080780029296875,for_003
-2.0,random_matched_norm,5,-31.120563507080078,for_003
-2.0,random_matched_norm,6,-31.182453155517578,for_003
-2.0,random_matched_norm,7,-31.06964874267578,for_003
-2.0,random_matched_norm,8,-31.10395050048828,for_003
-2.0,random_matched_norm,9,-31.08287811279297,for_003
-1.0,probe_direction,-1,-31.143033981323242,for_003
-1.0,random_matched_norm,0,-31.113388061523438,for_003
-1.0,random_matched_norm,1,-31.151260375976562,for_003
-1.0,random_matched_norm,2,-31.146238327026367,for_003
-1.0,random_matched_norm,3,-31.1550235748291,for_003
-1.0,random_matched_norm,4,-31.105411529541016,for_003
-1.0,random_matched_norm,5,-31.125661849975586,for_003
-1.0,random_matched_norm,6,-31.15618896484375,for_003
-1.0,random_matched_norm,7,-31.099958419799805,for_003
-1.0,random_matched_norm,8,-31.117292404174805,for_003
-1.0,random_matched_norm,9,-31.106327056884766,for_003
-0.5,probe_direction,-1,-31.13630485534668,for_003
-0.5,random_matched_norm,0,-31.12140655517578,for_003
-0.5,random_matched_norm,1,-31.140419006347656,for_003
-0.5,random_matched_norm,2,-31.137855529785156,for_003
-0.5,random_matched_norm,3,-31.142269134521484,for_003
-0.5,random_matched_norm,4,-31.117408752441406,for_003
-0.5,random_matched_norm,5,-31.127622604370117,for_003
-0.5,random_matched_norm,6,-31.14278221130371,for_003
-0.5,random_matched_norm,7,-31.114709854125977,for_003
-0.5,random_matched_norm,8,-31.1234188079834,for_003
-0.5,random_matched_norm,9,-31.117830276489258,for_003
0.0,probe_direction,-1,-31.129199981689453,for_003
0.0,random_matched_norm,0,-31.129199981689453,for_003
0.0,random_matched_norm,1,-31.129199981689453,for_003
0.0,random_matched_norm,2,-31.129199981689453,for_003
0.0,random_matched_norm,3,-31.129199981689453,for_003
0.0,random_matched_norm,4,-31.129199981689453,for_003
0.0,random_matched_norm,5,-31.129199981689453,for_003
0.0,random_matched_norm,6,-31.129199981689453,for_003
0.0,random_matched_norm,7,-31.129199981689453,for_003
0.0,random_matched_norm,8,-31.129199981689453,for_003
0.0,random_matched_norm,9,-31.129199981689453,for_003
0.5,probe_direction,-1,-31.121667861938477,for_003
0.5,random_matched_norm,0,-31.13671112060547,for_003
0.5,random_matched_norm,1,-31.11760711669922,for_003
0.5,random_matched_norm,2,-31.120281219482422,for_003
0.5,random_matched_norm,3,-31.115806579589844,for_003
0.5,random_matched_norm,4,-31.140766143798828,for_003
0.5,random_matched_norm,5,-31.130390167236328,for_003
0.5,random_matched_norm,6,-31.11540985107422,for_003
0.5,random_matched_norm,7,-31.143417358398438,for_003
0.5,random_matched_norm,8,-31.134618759155273,for_003
0.5,random_matched_norm,9,-31.140417098999023,for_003
1.0,probe_direction,-1,-31.113731384277344,for_003
1.0,random_matched_norm,0,-31.144014358520508,for_003
1.0,random_matched_norm,1,-31.105653762817383,for_003
1.0,random_matched_norm,2,-31.111143112182617,for_003
1.0,random_matched_norm,3,-31.10210418701172,for_003
1.0,random_matched_norm,4,-31.152109146118164,for_003
1.0,random_matched_norm,5,-31.1312313079834,for_003
1.0,random_matched_norm,6,-31.1014404296875,for_003
1.0,random_matched_norm,7,-31.157377243041992,for_003
1.0,random_matched_norm,8,-31.139657974243164,for_003
1.0,random_matched_norm,9,-31.15147590637207,for_003
2.0,probe_direction,-1,-31.096664428710938,for_003
2.0,random_matched_norm,0,-31.157798767089844,for_003
2.0,random_matched_norm,1,-31.080612182617188,for_003
2.0,random_matched_norm,2,-31.09210777282715,for_003
2.0,random_matched_norm,3,-31.07378387451172,for_003
2.0,random_matched_norm,4,-31.17411231994629,for_003
2.0,random_matched_norm,5,-31.131763458251953,for_003
2.0,random_matched_norm,6,-31.07294273376465,for_003
2.0,random_matched_norm,7,-31.184497833251953,for_003
2.0,random_matched_norm,8,-31.148677825927734,for_003
2.0,random_matched_norm,9,-31.173198699951172,for_003
-2.0,probe_direction,-1,-31.73343276977539,for_003
-2.0,random_matched_norm,0,-31.648988723754883,for_003
-2.0,random_matched_norm,1,-31.75109100341797,for_003
-2.0,random_matched_norm,2,-31.7099552154541,for_003
-2.0,random_matched_norm,3,-31.68876075744629,for_003
-2.0,random_matched_norm,4,-31.620040893554688,for_003
-2.0,random_matched_norm,5,-31.647777557373047,for_003
-2.0,random_matched_norm,6,-31.735309600830078,for_003
-2.0,random_matched_norm,7,-31.62916374206543,for_003
-2.0,random_matched_norm,8,-31.647024154663086,for_003
-2.0,random_matched_norm,9,-31.6522274017334,for_003
-1.0,probe_direction,-1,-31.708599090576172,for_003
-1.0,random_matched_norm,0,-31.665966033935547,for_003
-1.0,random_matched_norm,1,-31.717132568359375,for_003
-1.0,random_matched_norm,2,-31.69652557373047,for_003
-1.0,random_matched_norm,3,-31.686113357543945,for_003
-1.0,random_matched_norm,4,-31.65138053894043,for_003
-1.0,random_matched_norm,5,-31.66571807861328,for_003
-1.0,random_matched_norm,6,-31.709209442138672,for_003
-1.0,random_matched_norm,7,-31.656139373779297,for_003
-1.0,random_matched_norm,8,-31.665252685546875,for_003
-1.0,random_matched_norm,9,-31.66744041442871,for_003
-0.5,probe_direction,-1,-31.695613861083984,for_003
-0.5,random_matched_norm,0,-31.674190521240234,for_003
-0.5,random_matched_norm,1,-31.69980812072754,for_003
-0.5,random_matched_norm,2,-31.689498901367188,for_003
-0.5,random_matched_norm,3,-31.684337615966797,for_003
-0.5,random_matched_norm,4,-31.66687774658203,for_003
-0.5,random_matched_norm,5,-31.674165725708008,for_003
-0.5,random_matched_norm,6,-31.695846557617188,for_003
-0.5,random_matched_norm,7,-31.669300079345703,for_003
-0.5,random_matched_norm,8,-31.673900604248047,for_003
-0.5,random_matched_norm,9,-31.674901962280273,for_003
0.0,probe_direction,-1,-31.682249069213867,for_003
0.0,random_matched_norm,0,-31.682249069213867,for_003
0.0,random_matched_norm,1,-31.682249069213867,for_003
0.0,random_matched_norm,2,-31.682249069213867,for_003
0.0,random_matched_norm,3,-31.682249069213867,for_003
0.0,random_matched_norm,4,-31.682249069213867,for_003
0.0,random_matched_norm,5,-31.682249069213867,for_003
0.0,random_matched_norm,6,-31.682249069213867,for_003
0.0,random_matched_norm,7,-31.682249069213867,for_003
0.0,random_matched_norm,8,-31.682249069213867,for_003
0.0,random_matched_norm,9,-31.682249069213867,for_003
0.5,probe_direction,-1,-31.668529510498047,for_003
0.5,random_matched_norm,0,-31.690162658691406,for_003
0.5,random_matched_norm,1,-31.664493560791016,for_003
0.5,random_matched_norm,2,-31.67481803894043,for_003
0.5,random_matched_norm,3,-31.679901123046875,for_003
0.5,random_matched_norm,4,-31.697534561157227,for_003
0.5,random_matched_norm,5,-31.690021514892578,for_003
0.5,random_matched_norm,6,-31.66848373413086,for_003
0.5,random_matched_norm,7,-31.695011138916016,for_003
0.5,random_matched_norm,8,-31.6903133392334,for_003
0.5,random_matched_norm,9,-31.68951988220215,for_003
1.0,probe_direction,-1,-31.654422760009766,for_003
1.0,random_matched_norm,0,-31.697898864746094,for_003
1.0,random_matched_norm,1,-31.646507263183594,for_003
1.0,random_matched_norm,2,-31.667163848876953,for_003
1.0,random_matched_norm,3,-31.677213668823242,for_003
1.0,random_matched_norm,4,-31.71265983581543,for_003
1.0,random_matched_norm,5,-31.697439193725586,for_003
1.0,random_matched_norm,6,-31.65447235107422,for_003
1.0,random_matched_norm,7,-31.70755386352539,for_003
1.0,random_matched_norm,8,-31.698049545288086,for_003
1.0,random_matched_norm,9,-31.69668197631836,for_003
2.0,probe_direction,-1,-31.62505340576172,for_003
2.0,random_matched_norm,0,-31.71284294128418,for_003
2.0,random_matched_norm,1,-31.609882354736328,for_003
2.0,random_matched_norm,2,-31.651235580444336,for_003
2.0,random_matched_norm,3,-31.670957565307617,for_003
2.0,random_matched_norm,4,-31.742538452148438,for_003
2.0,random_matched_norm,5,-31.711273193359375,for_003
2.0,random_matched_norm,6,-31.625852584838867,for_003
2.0,random_matched_norm,7,-31.732025146484375,for_003
2.0,random_matched_norm,8,-31.71257781982422,for_003
2.0,random_matched_norm,9,-31.71067237854004,for_003
