family,model,set,metric,layer,point,lo,hi,n_entities,corrected,significant,seed_sd,primary,n_seeds,reference_M_injected,drop_from_reference,p_raw,p_floor,p_holm,threshold
behavioural,M_injected,forget,constrained_accuracy,,0.375,0.28125,0.4756944444444444,48.0,False,,,,,,,,,,
behavioural,M_injected,retain,constrained_accuracy,,0.3277777777777778,0.25277777777777777,0.4083333333333333,60.0,False,,,,,,,,,,
behavioural,M_injected,control,constrained_accuracy,,0.11805555555555555,0.04861111111111111,0.19791666666666666,48.0,False,,,,,,,,,,
behavioural,M_injected,paraphrase,constrained_accuracy,,0.35648148148148145,0.30092592592592593,0.41435185185185186,108.0,False,,,,,,,,,,
behavioural,M_injected,related,constrained_accuracy,,0.4074074074074074,0.3425925925925926,0.47530864197530864,108.0,False,,,,,,,,,,
behavioural,M_npo_s0,forget,constrained_accuracy,,0.13541666666666666,0.0625,0.21875,48.0,False,,,,,,,,,,
behavioural,M_npo_s0,retain,constrained_accuracy,,0.3638888888888889,0.28888888888888886,0.44166666666666665,60.0,False,,,,,,,,,,
behavioural,M_npo_s0,control,constrained_accuracy,,0.09027777777777778,0.034722222222222224,0.1597222222222222,48.0,False,,,,,,,,,,
behavioural,M_npo_s0,paraphrase,constrained_accuracy,,0.24305555555555555,0.18981481481481483,0.30092592592592593,108.0,False,,,,,,,,,,
behavioural,M_npo_s0,related,constrained_accuracy,,0.3487654320987654,0.2839506172839506,0.41358024691358025,108.0,False,,,,,,,,,,
behavioural,M_npo_s1,forget,constrained_accuracy,,0.125,0.04861111111111111,0.2152777777777778,48.0,False,,,,,,,,,,
behavioural,M_npo_s1,retain,constrained_accuracy,,0.36944444444444446,0.2861111111111111,0.45555555555555555,60.0,False,,,,,,,,,,
behavioural,M_npo_s1,control,constrained_accuracy,,0.0798611111111111,0.024305555555555556,0.14583333333333334,48.0,False,,,,,,,,,,
behavioural,M_npo_s1,paraphrase,constrained_accuracy,,0.2569444444444444,0.19907407407407407,0.31712962962962965,108.0,False,,,,,,,,,,
behavioural,M_npo_s1,related,constrained_accuracy,,0.3333333333333333,0.26851851851851855,0.4012345679012346,108.0,False,,,,,,,,,,
behavioural,M_npo_s2,forget,constrained_accuracy,,0.14930555555555555,0.07291666666666667,0.2361111111111111,48.0,False,,,,,,,,,,
behavioural,M_npo_s2,retain,constrained_accuracy,,0.3527777777777778,0.275,0.4361111111111111,60.0,False,,,,,,,,,,
behavioural,M_npo_s2,control,constrained_accuracy,,0.08680555555555555,0.027777777777777776,0.1597222222222222,48.0,False,,,,,,,,,,
behavioural,M_npo_s2,paraphrase,constrained_accuracy,,0.24768518518518517,0.18981481481481483,0.3101851851851852,108.0,False,,,,,,,,,,
behavioural,M_npo_s2,related,constrained_accuracy,,0.3950617283950617,0.33024691358024694,0.45987654320987653,108.0,False,,,,,,,,,,
behavioural,M_gd_s2,forget,constrained_accuracy,,0.13541666666666666,0.059027777777777776,0.2222222222222222,48.0,False,,,,,,,,,,
behavioural,M_gd_s2,retain,constrained_accuracy,,0.30277777777777776,0.23333333333333334,0.37777777777777777,60.0,False,,,,,,,,,,
behavioural,M_gd_s2,control,constrained_accuracy,,0.09722222222222222,0.034722222222222224,0.1701388888888889,48.0,False,,,,,,,,,,
behavioural,M_gd_s2,paraphrase,constrained_accuracy,,0.24768518518518517,0.18981481481481483,0.3101851851851852,108.0,False,,,,,,,,,,
behavioural,M_gd_s2,related,constrained_accuracy,,0.4074074074074074,0.345679012345679,0.4691358024691358,108.0,False,,,,,,,,,,
behavioural,M_injected,paraphrase[forget],constrained_accuracy,,0.390625,0.296875,0.484375,48.0,False,,,,,,,,,,
behavioural,M_injected,paraphrase[retain],constrained_accuracy,,0.32916666666666666,0.25833333333333336,0.4,60.0,False,,,,,,,,,,
behavioural,M_npo_s0,paraphrase[forget],constrained_accuracy,,0.13020833333333334,0.057291666666666664,0.21354166666666666,48.0,False,,,,,,,,,,
behavioural,M_npo_s0,paraphrase[retain],constrained_accuracy,,0.3333333333333333,0.26666666666666666,0.4041666666666667,60.0,False,,,,,,,,,,
behavioural,M_npo_s1,paraphrase[forget],constrained_accuracy,,0.125,0.046875,0.21354166666666666,48.0,False,,,,,,,,,,
behavioural,M_npo_s1,paraphrase[retain],constrained_accuracy,,0.3625,0.29583333333333334,0.43333333333333335,60.0,False,,,,,,,,,,
behavioural,M_npo_s2,paraphrase[forget],constrained_accuracy,,0.140625,0.0625,0.22916666666666666,48.0,False,,,,,,,,,,
behavioural,M_npo_s2,paraphrase[retain],constrained_accuracy,,0.3333333333333333,0.2625,0.4125,60.0,False,,,,,,,,,,
behavioural,M_gd_s2,paraphrase[forget],constrained_accuracy,,0.14583333333333334,0.06770833333333333,0.234375,48.0,False,,,,,,,,,,
behavioural,M_gd_s2,paraphrase[retain],constrained_accuracy,,0.32916666666666666,0.25416666666666665,0.4083333333333333,60.0,False,,,,,,,,,,
behavioural,M_injected,forget-minus-control,difference,,0.2569444444444444,0.13541666666666666,0.3784722222222222,,False,True,,,,,,,,,
behavioural,M_npo_s0,forget-minus-control,difference,,0.04513888888888888,-0.05555555555555556,0.14930555555555555,,False,False,,,,,,,,,
behavioural,M_npo_s1,forget-minus-control,difference,,0.045138888888888895,-0.05555555555555556,0.15625,,False,False,,,,,,,,,
behavioural,M_npo_s2,forget-minus-control,difference,,0.0625,-0.041666666666666685,0.1701388888888889,,False,False,,,,,,,,,
behavioural,M_gd_s2,forget-minus-control,difference,,0.038194444444444434,-0.06597222222222224,0.14583333333333331,,False,False,,,,,,,,,
probe_layer,M_injected,forget,accuracy,0.0,0.19374999999999998,,,,False,,0.10485639100952579,False,,,,,,,
probe_layer,M_injected,forget,accuracy,1.0,0.1694444444444444,,,,False,,0.09383186267756419,False,,,,,,,
probe_layer,M_injected,forget,accuracy,2.0,0.13402777777777775,,,,False,,0.08529311060894032,False,,,,,,,
probe_layer,M_injected,forget,accuracy,3.0,0.09027777777777775,,,,False,,0.06428178200995652,False,,,,,,,
probe_layer,M_injected,forget,accuracy,4.0,0.08611111111111107,,,,False,,0.055847187772226074,False,,,,,,,
probe_layer,M_injected,forget,accuracy,5.0,0.0847222222222222,,,,False,,0.05890833288178323,False,,,,,,,
probe_layer,M_injected,forget,accuracy,6.0,0.18749999999999997,,,,False,,0.07160385297512763,False,,,,,,,
probe_layer,M_injected,forget,accuracy,7.0,0.13958333333333328,,,,False,,0.0658383914951745,False,,,,,,,
probe_layer,M_injected,forget,accuracy,8.0,0.538888888888889,,,,False,,0.11252752172201824,False,,,,,,,
probe_layer,M_injected,forget,accuracy,9.0,0.8486111111111111,,,,False,,0.08416977876245178,True,,,,,,,
probe_layer,M_injected,forget,accuracy,10.0,0.8840277777777779,,,,False,,0.07085912843008545,False,,,,,,,
probe_layer,M_injected,forget,accuracy,11.0,0.9263888888888889,,,,False,,0.052376126331437296,False,,,,,,,
probe_layer,M_npo_s0,forget,accuracy,0.0,0.1923611111111111,,,,True,False,0.10327591862153303,False,20.0,0.19374999999999998,0.001388888888888884,0.7285271472852715,9.5367431640625e-07,1.0,
probe_layer,M_npo_s0,forget,accuracy,1.0,0.15833333333333327,,,,True,False,0.08203174554678751,False,20.0,0.1694444444444444,0.011111111111111127,0.044795520447955206,9.5367431640625e-07,0.22397760223977603,
probe_layer,M_npo_s0,forget,accuracy,2.0,0.12569444444444441,,,,True,False,0.08314733140605307,False,20.0,0.13402777777777775,0.008333333333333331,0.0466953304669533,9.5367431640625e-07,0.22397760223977603,
probe_layer,M_npo_s0,forget,accuracy,3.0,0.08194444444444439,,,,True,False,0.05976385737611852,False,20.0,0.09027777777777775,0.00833333333333336,0.031296870312968704,9.5367431640625e-07,0.1877812218778122,
probe_layer,M_npo_s0,forget,accuracy,4.0,0.08888888888888886,,,,True,False,0.05165393165065716,False,20.0,0.08611111111111107,-0.0027777777777777957,0.6115388461153884,9.5367431640625e-07,1.0,
probe_layer,M_npo_s0,forget,accuracy,5.0,0.08124999999999996,,,,True,False,0.05615086745126531,False,20.0,0.0847222222222222,0.0034722222222222376,0.5602439756024398,9.5367431640625e-07,1.0,
probe_layer,M_npo_s0,forget,accuracy,6.0,0.1506944444444444,,,,True,False,0.061003859899821614,False,20.0,0.18749999999999997,0.036805555555555564,0.013798620137986202,9.5367431640625e-07,0.09659034096590341,
probe_layer,M_npo_s0,forget,accuracy,7.0,0.08055555555555552,,,,True,True,0.04907361432717082,False,20.0,0.13958333333333328,0.05902777777777776,0.00039996000399960006,9.5367431640625e-07,0.0031996800319968005,
probe_layer,M_npo_s0,forget,accuracy,8.0,0.21319444444444446,,,,True,True,0.09719872314170011,False,20.0,0.538888888888889,0.3256944444444445,9.999000099990002e-05,9.5367431640625e-07,0.0011998800119988001,
probe_layer,M_npo_s0,forget,accuracy,9.0,0.2284722222222222,,,,False,True,0.109498068467214,True,20.0,0.8486111111111111,0.6201388888888889,9.999000099990002e-05,9.5367431640625e-07,,
probe_layer,M_npo_s0,forget,accuracy,10.0,0.2673611111111111,,,,True,True,0.10450724051632922,False,20.0,0.8840277777777779,0.6166666666666667,9.999000099990002e-05,9.5367431640625e-07,0.0011998800119988001,
probe_layer,M_npo_s0,forget,accuracy,11.0,0.25763888888888886,,,,True,True,0.10260525665850223,False,20.0,0.9263888888888889,0.6687500000000001,9.999000099990002e-05,9.5367431640625e-07,0.0011998800119988001,
probe_layer,M_npo_s1,forget,accuracy,0.0,0.19791666666666663,,,,True,False,0.10719288375393854,False,20.0,0.19374999999999998,-0.004166666666666652,0.2999700029997,9.5367431640625e-07,1.0,
probe_layer,M_npo_s1,forget,accuracy,1.0,0.1631944444444444,,,,True,False,0.08782659738699318,False,20.0,0.1694444444444444,0.0062500000000000056,0.24787521247875213,9.5367431640625e-07,1.0,
probe_layer,M_npo_s1,forget,accuracy,2.0,0.1305555555555555,,,,True,False,0.07612594297794939,False,20.0,0.13402777777777775,0.0034722222222222376,0.40815918408159185,9.5367431640625e-07,1.0,
probe_layer,M_npo_s1,forget,accuracy,3.0,0.08888888888888885,,,,True,False,0.06152174636787667,False,20.0,0.09027777777777775,0.0013888888888888978,0.7042295770422957,9.5367431640625e-07,1.0,
probe_layer,M_npo_s1,forget,accuracy,4.0,0.09652777777777774,,,,True,False,0.05690520684965209,False,20.0,0.08611111111111107,-0.010416666666666671,0.1341865813418658,9.5367431640625e-07,0.8051194880511949,
probe_layer,M_npo_s1,forget,accuracy,5.0,0.09930555555555552,,,,True,False,0.0676335525711781,False,20.0,0.0847222222222222,-0.014583333333333323,0.0198980101989801,9.5367431640625e-07,0.1392860713928607,
probe_layer,M_npo_s1,forget,accuracy,6.0,0.19027777777777777,,,,True,False,0.07819177620534559,False,20.0,0.18749999999999997,-0.0027777777777777957,0.7903209679032097,9.5367431640625e-07,1.0,
probe_layer,M_npo_s1,forget,accuracy,7.0,0.10486111111111107,,,,True,False,0.05027438520426995,False,20.0,0.13958333333333328,0.03472222222222221,0.016198380161983803,9.5367431640625e-07,0.12958704129587043,
probe_layer,M_npo_s1,forget,accuracy,8.0,0.16527777777777777,,,,True,True,0.0850099371174156,False,20.0,0.538888888888889,0.3736111111111112,9.999000099990002e-05,9.5367431640625e-07,0.0011998800119988001,
probe_layer,M_npo_s1,forget,accuracy,9.0,0.15416666666666665,,,,False,True,0.08307709142060994,True,20.0,0.8486111111111111,0.6944444444444444,9.999000099990002e-05,9.5367431640625e-07,,
probe_layer,M_npo_s1,forget,accuracy,10.0,0.14444444444444443,,,,True,True,0.06824996102553471,False,20.0,0.8840277777777779,0.7395833333333335,9.999000099990002e-05,9.5367431640625e-07,0.0011998800119988001,
probe_layer,M_npo_s1,forget,accuracy,11.0,0.14097222222222217,,,,True,True,0.07503451122812532,False,20.0,0.9263888888888889,0.7854166666666668,9.999000099990002e-05,9.5367431640625e-07,0.0011998800119988001,
probe_layer,M_npo_s2,forget,accuracy,0.0,0.19791666666666663,,,,True,False,0.11036619814647664,False,20.0,0.19374999999999998,-0.004166666666666652,0.3524647535246475,9.5367431640625e-07,1.0,
probe_layer,M_npo_s2,forget,accuracy,1.0,0.16736111111111104,,,,True,False,0.08881518783036901,False,20.0,0.1694444444444444,0.0020833333333333537,0.6923307669233076,9.5367431640625e-07,1.0,
probe_layer,M_npo_s2,forget,accuracy,2.0,0.12777777777777774,,,,True,False,0.07521357936647884,False,20.0,0.13402777777777775,0.0062500000000000056,0.0978902109789021,9.5367431640625e-07,0.4894510548945105,
probe_layer,M_npo_s2,forget,accuracy,3.0,0.0819444444444444,,,,True,False,0.061604204180474194,False,20.0,0.09027777777777775,0.008333333333333345,0.051294870512948704,9.5367431640625e-07,0.3077692230776922,
probe_layer,M_npo_s2,forget,accuracy,4.0,0.09236111111111109,,,,True,False,0.06718170326853198,False,20.0,0.08611111111111107,-0.006250000000000019,0.5191480851914808,9.5367431640625e-07,1.0,
probe_layer,M_npo_s2,forget,accuracy,5.0,0.08680555555555551,,,,True,False,0.058904024039815595,False,20.0,0.0847222222222222,-0.002083333333333312,0.6958304169583042,9.5367431640625e-07,1.0,
probe_layer,M_npo_s2,forget,accuracy,6.0,0.14097222222222222,,,,True,True,0.07269791050871191,False,20.0,0.18749999999999997,0.04652777777777775,0.0021997800219978004,9.5367431640625e-07,0.015398460153984602,
probe_layer,M_npo_s2,forget,accuracy,7.0,0.0770833333333333,,,,True,True,0.038361873857020654,False,20.0,0.13958333333333328,0.062499999999999986,9.999000099990002e-05,9.5367431640625e-07,0.0011998800119988001,
probe_layer,M_npo_s2,forget,accuracy,8.0,0.13611111111111107,,,,True,True,0.06827970605245375,False,20.0,0.538888888888889,0.4027777777777779,9.999000099990002e-05,9.5367431640625e-07,0.0011998800119988001,
probe_layer,M_npo_s2,forget,accuracy,9.0,0.20069444444444443,,,,False,True,0.0918497860823792,True,20.0,0.8486111111111111,0.6479166666666667,9.999000099990002e-05,9.5367431640625e-07,,
probe_layer,M_npo_s2,forget,accuracy,10.0,0.24722222222222223,,,,True,True,0.07480752864371593,False,20.0,0.8840277777777779,0.6368055555555556,9.999000099990002e-05,9.5367431640625e-07,0.0011998800119988001,
probe_layer,M_npo_s2,forget,accuracy,11.0,0.2833333333333333,,,,True,True,0.08625483195964889,False,20.0,0.9263888888888889,0.6430555555555556,9.999000099990002e-05,9.5367431640625e-07,0.0011998800119988001,
probe_layer,M_gd_s2,forget,accuracy,0.0,0.19444444444444442,,,,True,False,0.10729938440986903,False,20.0,0.19374999999999998,-0.000694444444444442,0.936006399360064,9.5367431640625e-07,1.0,
probe_layer,M_gd_s2,forget,accuracy,1.0,0.17083333333333325,,,,True,False,0.08467487412445444,False,20.0,0.1694444444444444,-0.0013888888888888562,0.7485251474852515,9.5367431640625e-07,1.0,
probe_layer,M_gd_s2,forget,accuracy,2.0,0.12361111111111107,,,,True,True,0.0771197098193781,False,20.0,0.13402777777777775,0.010416666666666671,0.0011998800119988001,9.5367431640625e-07,0.008399160083991601,
probe_layer,M_gd_s2,forget,accuracy,3.0,0.07916666666666664,,,,True,False,0.06500424837418442,False,20.0,0.09027777777777775,0.011111111111111113,0.030496950304969503,9.5367431640625e-07,0.15248475152484753,
probe_layer,M_gd_s2,forget,accuracy,4.0,0.0881944444444444,,,,True,False,0.06280788363663896,False,20.0,0.08611111111111107,-0.002083333333333326,0.7385261473852615,9.5367431640625e-07,1.0,
probe_layer,M_gd_s2,forget,accuracy,5.0,0.08888888888888886,,,,True,False,0.059337637007990225,False,20.0,0.0847222222222222,-0.004166666666666666,0.6198380161983802,9.5367431640625e-07,1.0,
probe_layer,M_gd_s2,forget,accuracy,6.0,0.12916666666666665,,,,True,True,0.06047314527577643,False,20.0,0.18749999999999997,0.05833333333333332,0.0005999400059994001,9.5367431640625e-07,0.0047995200479952005,
probe_layer,M_gd_s2,forget,accuracy,7.0,0.09444444444444441,,,,True,True,0.05070170379810909,False,20.0,0.13958333333333328,0.04513888888888887,0.0011998800119988001,9.5367431640625e-07,0.008399160083991601,
probe_layer,M_gd_s2,forget,accuracy,8.0,0.14513888888888885,,,,True,True,0.07679979859561799,False,20.0,0.538888888888889,0.39375000000000016,9.999000099990002e-05,9.5367431640625e-07,0.0011998800119988001,
probe_layer,M_gd_s2,forget,accuracy,9.0,0.22430555555555554,,,,False,True,0.09226886634832998,True,20.0,0.8486111111111111,0.6243055555555556,9.999000099990002e-05,9.5367431640625e-07,,
probe_layer,M_gd_s2,forget,accuracy,10.0,0.2569444444444444,,,,True,True,0.08543880162965554,False,20.0,0.8840277777777779,0.6270833333333334,9.999000099990002e-05,9.5367431640625e-07,0.0011998800119988001,
probe_layer,M_gd_s2,forget,accuracy,11.0,0.29444444444444445,,,,True,True,0.1027165140627766,False,20.0,0.9263888888888889,0.6319444444444444,9.999000099990002e-05,9.5367431640625e-07,0.0011998800119988001,
drift,M_npo_s0,forget_over_control,ratio,9.0,1.224342834883942,,,,False,False,,,,,,,,,1.5
drift,M_npo_s1,forget_over_control,ratio,9.0,1.2532652705461147,,,,False,False,,,,,,,,,1.5
drift,M_npo_s2,forget_over_control,ratio,9.0,1.1845751144279355,,,,False,False,,,,,,,,,1.5
drift,M_gd_s2,forget_over_control,ratio,9.0,1.1887266405708603,,,,False,False,,,,,,,,,1.5
